{"sessionId":"1e940a","runId":"pre-fix-ae1","hypothesisId":"H4","location":"plugins/custom-gui-test/src/lib.rs:update_params_ui","message":"update params ui reached","data":{"uiElements":0},"timestamp":1777366830652}
{"sessionId":"1e940a","runId":"pre-fix-ae1","hypothesisId":"H4","location":"plugins/custom-gui-test/src/lib.rs:update_params_ui","message":"update params ui reached","data":{"uiElements":0},"timestamp":1777366830822}
{"sessionId":"1e940a","runId":"pre-fix-ae1","hypothesisId":"H1","location":"plugins/custom-gui-test/src/lib.rs:global_setup","message":"global setup flags set","data":{"supportsSmartRender":true,"supportsThreadedRendering":true},"timestamp":1777367452918}
{"sessionId":"1e940a","runId":"pre-fix-ae1","hypothesisId":"H2","location":"plugins/custom-gui-test/src/lib.rs:params_setup","message":"params_setup called","data":{"paramsDeclared":1},"timestamp":1777367452922}
{"sessionId":"1e940a","runId":"pre-fix-ae1","hypothesisId":"H4","location":"plugins/custom-gui-test/src/lib.rs:update_params_ui","message":"update params ui reached","data":{"uiElements":1},"timestamp":1777367452935}
{"sessionId":"1e940a","runId":"pre-fix-ae1","hypothesisId":"H4","location":"plugins/custom-gui-test/src/lib.rs:update_params_ui","message":"update params ui reached","data":{"uiElements":1},"timestamp":1777367452952}
{"sessionId":"1e940a","runId":"pre-fix-ae1","hypothesisId":"H1","location":"plugins/custom-gui-test/src/lib.rs:smart_pre_render","message":"smart pre render reached","data":{"handlerImplemented":true},"timestamp":1777367453031}
{"sessionId":"1e940a","runId":"pre-fix-ae1","hypothesisId":"H1","location":"plugins/custom-gui-test/src/lib.rs:smart_pre_render","message":"smart pre render reached","data":{"handlerImplemented":true},"timestamp":1777367453034}
{"sessionId":"1e940a","runId":"pre-fix-ae1","hypothesisId":"H1","location":"plugins/custom-gui-test/src/lib.rs:smart_pre_render","message":"smart pre render reached","data":{"handlerImplemented":true},"timestamp":1777367453037}
{"sessionId":"1e940a","runId":"pre-fix-ae1","hypothesisId":"H1","location":"plugins/custom-gui-test/src/lib.rs:smart_render","message":"smart render reached","data":{"handlerImplemented":true},"timestamp":1777367453039}
{"sessionId":"1e940a","runId":"pre-fix-ae1","hypothesisId":"H1","location":"plugins/custom-gui-test/src/lib.rs:smart_pre_render","message":"smart pre render reached","data":{"handlerImplemented":true},"timestamp":1777367453053}
{"sessionId":"1e940a","runId":"pre-fix-ae1","hypothesisId":"H1","location":"plugins/custom-gui-test/src/lib.rs:smart_pre_render","message":"smart pre render reached","data":{"handlerImplemented":true},"timestamp":1777367453054}
{"sessionId":"1e940a","runId":"pre-fix-ae1","hypothesisId":"H1","location":"plugins/custom-gui-test/src/lib.rs:smart_pre_render","message":"smart pre render reached","data":{"handlerImplemented":true},"timestamp":1777367453056}
{"sessionId":"1e940a","runId":"pre-fix-ae1","hypothesisId":"H1","location":"plugins/custom-gui-test/src/lib.rs:smart_pre_render","message":"smart pre render reached","data":{"handlerImplemented":true},"timestamp":1777367453057}
{"sessionId":"1e940a","runId":"pre-fix-ae1","hypothesisId":"H1","location":"plugins/custom-gui-test/src/lib.rs:smart_pre_render","message":"smart pre render reached","data":{"handlerImplemented":true},"timestamp":1777367453059}
{"sessionId":"1e940a","runId":"pre-fix-ae1","hypothesisId":"H1","location":"plugins/custom-gui-test/src/lib.rs:smart_pre_render","message":"smart pre render reached","data":{"handlerImplemented":true},"timestamp":1777367453060}
{"sessionId":"1e940a","runId":"pre-fix-ae1","hypothesisId":"H1","location":"plugins/custom-gui-test/src/lib.rs:smart_pre_render","message":"smart pre render reached","data":{"handlerImplemented":true},"timestamp":1777367453062}
{"sessionId":"1e940a","runId":"pre-fix-ae1","hypothesisId":"H1","location":"plugins/custom-gui-test/src/lib.rs:smart_pre_render","message":"smart pre render reached","data":{"handlerImplemented":true},"timestamp":1777367453065}
{"sessionId":"1e940a","runId":"pre-fix-ae1","hypothesisId":"H1","location":"plugins/custom-gui-test/src/lib.rs:smart_pre_render","message":"smart pre render reached","data":{"handlerImplemented":true},"timestamp":1777367453067}
{"sessionId":"1e940a","runId":"pre-fix-ae1","hypothesisId":"H1","location":"plugins/custom-gui-test/src/lib.rs:smart_pre_render","message":"smart pre render reached","data":{"handlerImplemented":true},"timestamp":1777367453069}
{"sessionId":"1e940a","runId":"pre-fix-ae1","hypothesisId":"H1","location":"plugins/custom-gui-test/src/lib.rs:smart_pre_render","message":"smart pre render reached","data":{"handlerImplemented":true},"timestamp":1777367453070}
{"sessionId":"1e940a","runId":"pre-fix-ae1","hypothesisId":"H1","location":"plugins/custom-gui-test/src/lib.rs:smart_pre_render","message":"smart pre render reached","data":{"handlerImplemented":true},"timestamp":1777367453073}
{"sessionId":"1e940a","runId":"pre-fix-ae1","hypothesisId":"H1","location":"plugins/custom-gui-test/src/lib.rs:smart_pre_render","message":"smart pre render reached","data":{"handlerImplemented":true},"timestamp":1777367453074}
{"sessionId":"1e940a","runId":"pre-fix-ae1","hypothesisId":"H1","location":"plugins/custom-gui-test/src/lib.rs:smart_pre_render","message":"smart pre render reached","data":{"handlerImplemented":true},"timestamp":1777367453075}
{"sessionId":"1e940a","runId":"pre-fix-ae1","hypothesisId":"H1","location":"plugins/custom-gui-test/src/lib.rs:smart_pre_render","message":"smart pre render reached","data":{"handlerImplemented":true},"timestamp":1777367453076}
{"sessionId":"1e940a","runId":"pre-fix-ae1","hypothesisId":"H1","location":"plugins/custom-gui-test/src/lib.rs:smart_pre_render","message":"smart pre render reached","data":{"handlerImplemented":true},"timestamp":1777367453077}
{"sessionId":"1e940a","runId":"pre-fix-ae1","hypothesisId":"H1","location":"plugins/custom-gui-test/src/lib.rs:smart_pre_render","message":"smart pre render reached","data":{"handlerImplemented":true},"timestamp":1777367453078}
{"sessionId":"1e940a","runId":"pre-fix-ae1","hypothesisId":"H1","location":"plugins/custom-gui-test/src/lib.rs:smart_pre_render","message":"smart pre render reached","data":{"handlerImplemented":true},"timestamp":1777367453079}
{"sessionId":"1e940a","runId":"pre-fix-ae1","hypothesisId":"H1","location":"plugins/custom-gui-test/src/lib.rs:smart_pre_render","message":"smart pre render reached","data":{"handlerImplemented":true},"timestamp":1777367453081}
{"sessionId":"1e940a","runId":"pre-fix-ae1","hypothesisId":"H1","location":"plugins/custom-gui-test/src/lib.rs:smart_pre_render","message":"smart pre render reached","data":{"handlerImplemented":true},"timestamp":1777367453082}
{"sessionId":"1e940a","runId":"pre-fix-ae1","hypothesisId":"H1","location":"plugins/custom-gui-test/src/lib.rs:smart_pre_render","message":"smart pre render reached","data":{"handlerImplemented":true},"timestamp":1777367453083}
{"sessionId":"1e940a","runId":"pre-fix-ae1","hypothesisId":"H1","location":"plugins/custom-gui-test/src/lib.rs:smart_pre_render","message":"smart pre render reached","data":{"handlerImplemented":true},"timestamp":1777367453085}
{"sessionId":"1e940a","runId":"pre-fix-ae1","hypothesisId":"H1","location":"plugins/custom-gui-test/src/lib.rs:smart_pre_render","message":"smart pre render reached","data":{"handlerImplemented":true},"timestamp":1777367453087}
{"sessionId":"1e940a","runId":"pre-fix-ae1","hypothesisId":"H1","location":"plugins/custom-gui-test/src/lib.rs:smart_pre_render","message":"smart pre render reached","data":{"handlerImplemented":true},"timestamp":1777367453089}
{"sessionId":"1e940a","runId":"pre-fix-ae1","hypothesisId":"H1","location":"plugins/custom-gui-test/src/lib.rs:smart_pre_render","message":"smart pre render reached","data":{"handlerImplemented":true},"timestamp":1777367453090}
{"sessionId":"1e940a","runId":"pre-fix-ae1","hypothesisId":"H1","location":"plugins/custom-gui-test/src/lib.rs:smart_pre_render","message":"smart pre render reached","data":{"handlerImplemented":true},"timestamp":1777367453091}
{"sessionId":"1e940a","runId":"pre-fix-ae1","hypothesisId":"H1","location":"plugins/custom-gui-test/src/lib.rs:smart_pre_render","message":"smart pre render reached","data":{"handlerImplemented":true},"timestamp":1777367453092}
{"sessionId":"1e940a","runId":"pre-fix-ae1","hypothesisId":"H1","location":"plugins/custom-gui-test/src/lib.rs:smart_pre_render","message":"smart pre render reached","data":{"handlerImplemented":true},"timestamp":1777367453094}
{"sessionId":"1e940a","runId":"pre-fix-ae1","hypothesisId":"H1","location":"plugins/custom-gui-test/src/lib.rs:smart_pre_render","message":"smart pre render reached","data":{"handlerImplemented":true},"timestamp":1777367453095}
{"sessionId":"1e940a","runId":"pre-fix-ae1","hypothesisId":"H1","location":"plugins/custom-gui-test/src/lib.rs:smart_pre_render","message":"smart pre render reached","data":{"handlerImplemented":true},"timestamp":1777367453096}
{"sessionId":"1e940a","runId":"pre-fix-ae1","hypothesisId":"H1","location":"plugins/custom-gui-test/src/lib.rs:smart_pre_render","message":"smart pre render reached","data":{"handlerImplemented":true},"timestamp":1777367453098}
{"sessionId":"1e940a","runId":"pre-fix-ae1","hypothesisId":"H1","location":"plugins/custom-gui-test/src/lib.rs:smart_pre_render","message":"smart pre render reached","data":{"handlerImplemented":true},"timestamp":1777367453100}
{"sessionId":"1e940a","runId":"pre-fix-ae1","hypothesisId":"H1","location":"plugins/custom-gui-test/src/lib.rs:smart_pre_render","message":"smart pre render reached","data":{"handlerImplemented":true},"timestamp":1777367453101}
{"sessionId":"1e940a","runId":"pre-fix-ae1","hypothesisId":"H1","location":"plugins/custom-gui-test/src/lib.rs:smart_pre_render","message":"smart pre render reached","data":{"handlerImplemented":true},"timestamp":1777367453102}
{"sessionId":"1e940a","runId":"pre-fix-ae1","hypothesisId":"H1","location":"plugins/custom-gui-test/src/lib.rs:smart_pre_render","message":"smart pre render reached","data":{"handlerImplemented":true},"timestamp":1777367453104}
{"sessionId":"1e940a","runId":"pre-fix-ae1","hypothesisId":"H1","location":"plugins/custom-gui-test/src/lib.rs:smart_pre_render","message":"smart pre render reached","data":{"handlerImplemented":true},"timestamp":1777367453106}
{"sessionId":"1e940a","runId":"pre-fix-ae1","hypothesisId":"H1","location":"plugins/custom-gui-test/src/lib.rs:smart_pre_render","message":"smart pre render reached","data":{"handlerImplemented":true},"timestamp":1777367453107}
{"sessionId":"1e940a","runId":"pre-fix-ae1","hypothesisId":"H1","location":"plugins/custom-gui-test/src/lib.rs:smart_pre_render","message":"smart pre render reached","data":{"handlerImplemented":true},"timestamp":1777367453108}
{"sessionId":"1e940a","runId":"pre-fix-ae1","hypothesisId":"H1","location":"plugins/custom-gui-test/src/lib.rs:smart_pre_render","message":"smart pre render reached","data":{"handlerImplemented":true},"timestamp":1777367453110}
{"sessionId":"1e940a","runId":"pre-fix-ae1","hypothesisId":"H1","location":"plugins/custom-gui-test/src/lib.rs:smart_pre_render","message":"smart pre render reached","data":{"handlerImplemented":true},"timestamp":1777367453111}
{"sessionId":"1e940a","runId":"pre-fix-ae1","hypothesisId":"H1","location":"plugins/custom-gui-test/src/lib.rs:smart_pre_render","message":"smart pre render reached","data":{"handlerImplemented":true},"timestamp":1777367453112}
{"sessionId":"1e940a","runId":"pre-fix-ae1","hypothesisId":"H1","location":"plugins/custom-gui-test/src/lib.rs:smart_pre_render","message":"smart pre render reached","data":{"handlerImplemented":true},"timestamp":1777367453114}
{"sessionId":"1e940a","runId":"pre-fix-ae1","hypothesisId":"H1","location":"plugins/custom-gui-test/src/lib.rs:smart_pre_render","message":"smart pre render reached","data":{"handlerImplemented":true},"timestamp":1777367453115}
{"sessionId":"1e940a","runId":"pre-fix-ae1","hypothesisId":"H1","location":"plugins/custom-gui-test/src/lib.rs:smart_pre_render","message":"smart pre render reached","data":{"handlerImplemented":true},"timestamp":1777367453117}
{"sessionId":"1e940a","runId":"pre-fix-ae1","hypothesisId":"H1","location":"plugins/custom-gui-test/src/lib.rs:smart_pre_render","message":"smart pre render reached","data":{"handlerImplemented":true},"timestamp":1777367453118}
{"sessionId":"1e940a","runId":"pre-fix-ae1","hypothesisId":"H1","location":"plugins/custom-gui-test/src/lib.rs:smart_pre_render","message":"smart pre render reached","data":{"handlerImplemented":true},"timestamp":1777367453120}
{"sessionId":"1e940a","runId":"pre-fix-ae1","hypothesisId":"H1","location":"plugins/custom-gui-test/src/lib.rs:smart_pre_render","message":"smart pre render reached","data":{"handlerImplemented":true},"timestamp":1777367453122}
{"sessionId":"1e940a","runId":"pre-fix-ae1","hypothesisId":"H1","location":"plugins/custom-gui-test/src/lib.rs:smart_pre_render","message":"smart pre render reached","data":{"handlerImplemented":true},"timestamp":1777367453123}
{"sessionId":"1e940a","runId":"pre-fix-ae1","hypothesisId":"H1","location":"plugins/custom-gui-test/src/lib.rs:smart_pre_render","message":"smart pre render reached","data":{"handlerImplemented":true},"timestamp":1777367453124}
{"sessionId":"1e940a","runId":"pre-fix-ae1","hypothesisId":"H1","location":"plugins/custom-gui-test/src/lib.rs:smart_pre_render","message":"smart pre render reached","data":{"handlerImplemented":true},"timestamp":1777367453126}
{"sessionId":"1e940a","runId":"pre-fix-ae1","hypothesisId":"H1","location":"plugins/custom-gui-test/src/lib.rs:smart_pre_render","message":"smart pre render reached","data":{"handlerImplemented":true},"timestamp":1777367453127}
{"sessionId":"1e940a","runId":"pre-fix-ae1","hypothesisId":"H1","location":"plugins/custom-gui-test/src/lib.rs:smart_pre_render","message":"smart pre render reached","data":{"handlerImplemented":true},"timestamp":1777367453128}
{"sessionId":"1e940a","runId":"pre-fix-ae1","hypothesisId":"H1","location":"plugins/custom-gui-test/src/lib.rs:smart_pre_render","message":"smart pre render reached","data":{"handlerImplemented":true},"timestamp":1777367453130}
{"sessionId":"1e940a","runId":"pre-fix-ae1","hypothesisId":"H1","location":"plugins/custom-gui-test/src/lib.rs:smart_pre_render","message":"smart pre render reached","data":{"handlerImplemented":true},"timestamp":1777367453131}
{"sessionId":"1e940a","runId":"pre-fix-ae1","hypothesisId":"H1","location":"plugins/custom-gui-test/src/lib.rs:smart_pre_render","message":"smart pre render reached","data":{"handlerImplemented":true},"timestamp":1777367453132}
{"sessionId":"1e940a","runId":"pre-fix-ae1","hypothesisId":"H1","location":"plugins/custom-gui-test/src/lib.rs:smart_pre_render","message":"smart pre render reached","data":{"handlerImplemented":true},"timestamp":1777367453134}
{"sessionId":"1e940a","runId":"pre-fix-ae1","hypothesisId":"H1","location":"plugins/custom-gui-test/src/lib.rs:smart_pre_render","message":"smart pre render reached","data":{"handlerImplemented":true},"timestamp":1777367453136}
{"sessionId":"1e940a","runId":"pre-fix-ae1","hypothesisId":"H1","location":"plugins/custom-gui-test/src/lib.rs:smart_pre_render","message":"smart pre render reached","data":{"handlerImplemented":true},"timestamp":1777367453137}
{"sessionId":"1e940a","runId":"pre-fix-ae1","hypothesisId":"H1","location":"plugins/custom-gui-test/src/lib.rs:smart_pre_render","message":"smart pre render reached","data":{"handlerImplemented":true},"timestamp":1777367453138}
{"sessionId":"1e940a","runId":"pre-fix-ae1","hypothesisId":"H4","location":"plugins/custom-gui-test/src/lib.rs:update_params_ui","message":"update params ui reached","data":{"uiElements":1},"timestamp":1777367456075}
{"sessionId":"1e940a","runId":"pre-fix-ae1","hypothesisId":"H4","location":"plugins/custom-gui-test/src/lib.rs:update_params_ui","message":"update params ui reached","data":{"uiElements":1},"timestamp":1777367456078}
{"sessionId":"1e940a","runId":"pre-fix-ae1","hypothesisId":"H4","location":"plugins/custom-gui-test/src/lib.rs:update_params_ui","message":"update params ui reached","data":{"uiElements":1},"timestamp":1777367456083}
{"sessionId":"1e940a","runId":"pre-fix-ae1","hypothesisId":"H1","location":"plugins/custom-gui-test/src/lib.rs:smart_pre_render","message":"smart pre render reached","data":{"handlerImplemented":true},"timestamp":1777367456092}
{"sessionId":"1e940a","runId":"pre-fix-ae1","hypothesisId":"H1","location":"plugins/custom-gui-test/src/lib.rs:smart_pre_render","message":"smart pre render reached","data":{"handlerImplemented":true},"timestamp":1777367456094}
{"sessionId":"1e940a","runId":"pre-fix-ae1","hypothesisId":"H1","location":"plugins/custom-gui-test/src/lib.rs:smart_pre_render","message":"smart pre render reached","data":{"handlerImplemented":true},"timestamp":1777367456096}
{"sessionId":"1e940a","runId":"pre-fix-ae1","hypothesisId":"H1","location":"plugins/custom-gui-test/src/lib.rs:smart_render","message":"smart render reached","data":{"handlerImplemented":true},"timestamp":1777367456097}
{"sessionId":"1e940a","runId":"pre-fix-ae1","hypothesisId":"H1","location":"plugins/custom-gui-test/src/lib.rs:smart_pre_render","message":"smart pre render reached","data":{"handlerImplemented":true},"timestamp":1777367456176}
{"sessionId":"1e940a","runId":"pre-fix-ae1","hypothesisId":"H1","location":"plugins/custom-gui-test/src/lib.rs:smart_pre_render","message":"smart pre render reached","data":{"handlerImplemented":true},"timestamp":1777367456179}
{"sessionId":"1e940a","runId":"pre-fix-ae1","hypothesisId":"H1","location":"plugins/custom-gui-test/src/lib.rs:smart_pre_render","message":"smart pre render reached","data":{"handlerImplemented":true},"timestamp":1777367456181}
{"sessionId":"1e940a","runId":"pre-fix-ae1","hypothesisId":"H1","location":"plugins/custom-gui-test/src/lib.rs:smart_pre_render","message":"smart pre render reached","data":{"handlerImplemented":true},"timestamp":1777367456183}
{"sessionId":"1e940a","runId":"pre-fix-ae1","hypothesisId":"H1","location":"plugins/custom-gui-test/src/lib.rs:smart_pre_render","message":"smart pre render reached","data":{"handlerImplemented":true},"timestamp":1777367456184}
{"sessionId":"1e940a","runId":"pre-fix-ae1","hypothesisId":"H1","location":"plugins/custom-gui-test/src/lib.rs:smart_pre_render","message":"smart pre render reached","data":{"handlerImplemented":true},"timestamp":1777367456186}
{"sessionId":"1e940a","runId":"pre-fix-ae1","hypothesisId":"H1","location":"plugins/custom-gui-test/src/lib.rs:smart_pre_render","message":"smart pre render reached","data":{"handlerImplemented":true},"timestamp":1777367456187}
{"sessionId":"1e940a","runId":"pre-fix-ae1","hypothesisId":"H1","location":"plugins/custom-gui-test/src/lib.rs:smart_pre_render","message":"smart pre render reached","data":{"handlerImplemented":true},"timestamp":1777367456189}
{"sessionId":"1e940a","runId":"pre-fix-ae1","hypothesisId":"H1","location":"plugins/custom-gui-test/src/lib.rs:smart_pre_render","message":"smart pre render reached","data":{"handlerImplemented":true},"timestamp":1777367456190}
{"sessionId":"1e940a","runId":"pre-fix-ae1","hypothesisId":"H1","location":"plugins/custom-gui-test/src/lib.rs:smart_pre_render","message":"smart pre render reached","data":{"handlerImplemented":true},"timestamp":1777367456192}
{"sessionId":"1e940a","runId":"pre-fix-ae1","hypothesisId":"H1","location":"plugins/custom-gui-test/src/lib.rs:smart_pre_render","message":"smart pre render reached","data":{"handlerImplemented":true},"timestamp":1777367456193}
{"sessionId":"1e940a","runId":"pre-fix-ae1","hypothesisId":"H1","location":"plugins/custom-gui-test/src/lib.rs:smart_pre_render","message":"smart pre render reached","data":{"handlerImplemented":true},"timestamp":1777367456194}
{"sessionId":"1e940a","runId":"pre-fix-ae1","hypothesisId":"H1","location":"plugins/custom-gui-test/src/lib.rs:smart_pre_render","message":"smart pre render reached","data":{"handlerImplemented":true},"timestamp":1777367456195}
{"sessionId":"1e940a","runId":"pre-fix-ae1","hypothesisId":"H1","location":"plugins/custom-gui-test/src/lib.rs:smart_pre_render","message":"smart pre render reached","data":{"handlerImplemented":true},"timestamp":1777367456197}
{"sessionId":"1e940a","runId":"pre-fix-ae1","hypothesisId":"H1","location":"plugins/custom-gui-test/src/lib.rs:smart_pre_render","message":"smart pre render reached","data":{"handlerImplemented":true},"timestamp":1777367456199}
{"sessionId":"1e940a","runId":"pre-fix-ae1","hypothesisId":"H1","location":"plugins/custom-gui-test/src/lib.rs:smart_pre_render","message":"smart pre render reached","data":{"handlerImplemented":true},"timestamp":1777367456201}
{"sessionId":"1e940a","runId":"pre-fix-ae1","hypothesisId":"H1","location":"plugins/custom-gui-test/src/lib.rs:smart_pre_render","message":"smart pre render reached","data":{"handlerImplemented":true},"timestamp":1777367456202}
{"sessionId":"1e940a","runId":"pre-fix-ae1","hypothesisId":"H1","location":"plugins/custom-gui-test/src/lib.rs:smart_pre_render","message":"smart pre render reached","data":{"handlerImplemented":true},"timestamp":1777367456203}
{"sessionId":"1e940a","runId":"pre-fix-ae1","hypothesisId":"H1","location":"plugins/custom-gui-test/src/lib.rs:smart_pre_render","message":"smart pre render reached","data":{"handlerImplemented":true},"timestamp":1777367456205}
{"sessionId":"1e940a","runId":"pre-fix-ae1","hypothesisId":"H1","location":"plugins/custom-gui-test/src/lib.rs:smart_pre_render","message":"smart pre render reached","data":{"handlerImplemented":true},"timestamp":1777367456206}
{"sessionId":"1e940a","runId":"pre-fix-ae1","hypothesisId":"H1","location":"plugins/custom-gui-test/src/lib.rs:smart_pre_render","message":"smart pre render reached","data":{"handlerImplemented":true},"timestamp":1777367456208}
{"sessionId":"1e940a","runId":"pre-fix-ae1","hypothesisId":"H1","location":"plugins/custom-gui-test/src/lib.rs:smart_pre_render","message":"smart pre render reached","data":{"handlerImplemented":true},"timestamp":1777367456209}
{"sessionId":"1e940a","runId":"pre-fix-ae1","hypothesisId":"H1","location":"plugins/custom-gui-test/src/lib.rs:smart_pre_render","message":"smart pre render reached","data":{"handlerImplemented":true},"timestamp":1777367456211}
{"sessionId":"1e940a","runId":"pre-fix-ae1","hypothesisId":"H1","location":"plugins/custom-gui-test/src/lib.rs:smart_pre_render","message":"smart pre render reached","data":{"handlerImplemented":true},"timestamp":1777367456212}
{"sessionId":"1e940a","runId":"pre-fix-ae1","hypothesisId":"H1","location":"plugins/custom-gui-test/src/lib.rs:smart_pre_render","message":"smart pre render reached","data":{"handlerImplemented":true},"timestamp":1777367456214}
{"sessionId":"1e940a","runId":"pre-fix-ae1","hypothesisId":"H1","location":"plugins/custom-gui-test/src/lib.rs:smart_pre_render","message":"smart pre render reached","data":{"handlerImplemented":true},"timestamp":1777367456216}
{"sessionId":"1e940a","runId":"pre-fix-ae1","hypothesisId":"H1","location":"plugins/custom-gui-test/src/lib.rs:smart_pre_render","message":"smart pre render reached","data":{"handlerImplemented":true},"timestamp":1777367456217}
{"sessionId":"1e940a","runId":"pre-fix-ae1","hypothesisId":"H1","location":"plugins/custom-gui-test/src/lib.rs:smart_pre_render","message":"smart pre render reached","data":{"handlerImplemented":true},"timestamp":1777367456219}
{"sessionId":"1e940a","runId":"pre-fix-ae1","hypothesisId":"H1","location":"plugins/custom-gui-test/src/lib.rs:smart_pre_render","message":"smart pre render reached","data":{"handlerImplemented":true},"timestamp":1777367456220}
{"sessionId":"1e940a","runId":"pre-fix-ae1","hypothesisId":"H1","location":"plugins/custom-gui-test/src/lib.rs:smart_pre_render","message":"smart pre render reached","data":{"handlerImplemented":true},"timestamp":1777367456223}
{"sessionId":"1e940a","runId":"pre-fix-ae1","hypothesisId":"H1","location":"plugins/custom-gui-test/src/lib.rs:smart_pre_render","message":"smart pre render reached","data":{"handlerImplemented":true},"timestamp":1777367456224}
{"sessionId":"1e940a","runId":"pre-fix-ae1","hypothesisId":"H1","location":"plugins/custom-gui-test/src/lib.rs:smart_pre_render","message":"smart pre render reached","data":{"handlerImplemented":true},"timestamp":1777367456226}
{"sessionId":"1e940a","runId":"pre-fix-ae1","hypothesisId":"H1","location":"plugins/custom-gui-test/src/lib.rs:smart_pre_render","message":"smart pre render reached","data":{"handlerImplemented":true},"timestamp":1777367456227}
{"sessionId":"1e940a","runId":"pre-fix-ae1","hypothesisId":"H1","location":"plugins/custom-gui-test/src/lib.rs:smart_pre_render","message":"smart pre render reached","data":{"handlerImplemented":true},"timestamp":1777367456228}
{"sessionId":"1e940a","runId":"pre-fix-ae1","hypothesisId":"H1","location":"plugins/custom-gui-test/src/lib.rs:smart_pre_render","message":"smart pre render reached","data":{"handlerImplemented":true},"timestamp":1777367456229}
{"sessionId":"1e940a","runId":"pre-fix-ae1","hypothesisId":"H1","location":"plugins/custom-gui-test/src/lib.rs:smart_pre_render","message":"smart pre render reached","data":{"handlerImplemented":true},"timestamp":1777367456231}
{"sessionId":"1e940a","runId":"pre-fix-ae1","hypothesisId":"H1","location":"plugins/custom-gui-test/src/lib.rs:smart_pre_render","message":"smart pre render reached","data":{"handlerImplemented":true},"timestamp":1777367456233}
{"sessionId":"1e940a","runId":"pre-fix-ae1","hypothesisId":"H1","location":"plugins/custom-gui-test/src/lib.rs:smart_pre_render","message":"smart pre render reached","data":{"handlerImplemented":true},"timestamp":1777367456235}
{"sessionId":"1e940a","runId":"pre-fix-ae1","hypothesisId":"H1","location":"plugins/custom-gui-test/src/lib.rs:smart_pre_render","message":"smart pre render reached","data":{"handlerImplemented":true},"timestamp":1777367456236}
{"sessionId":"1e940a","runId":"pre-fix-ae1","hypothesisId":"H1","location":"plugins/custom-gui-test/src/lib.rs:smart_pre_render","message":"smart pre render reached","data":{"handlerImplemented":true},"timestamp":1777367456237}
{"sessionId":"1e940a","runId":"pre-fix-ae1","hypothesisId":"H1","location":"plugins/custom-gui-test/src/lib.rs:smart_pre_render","message":"smart pre render reached","data":{"handlerImplemented":true},"timestamp":1777367456239}
{"sessionId":"1e940a","runId":"pre-fix-ae1","hypothesisId":"H1","location":"plugins/custom-gui-test/src/lib.rs:smart_pre_render","message":"smart pre render reached","data":{"handlerImplemented":true},"timestamp":1777367456240}
{"sessionId":"1e940a","runId":"pre-fix-ae1","hypothesisId":"H1","location":"plugins/custom-gui-test/src/lib.rs:smart_pre_render","message":"smart pre render reached","data":{"handlerImplemented":true},"timestamp":1777367456241}
{"sessionId":"1e940a","runId":"pre-fix-ae1","hypothesisId":"H1","location":"plugins/custom-gui-test/src/lib.rs:smart_pre_render","message":"smart pre render reached","data":{"handlerImplemented":true},"timestamp":1777367456243}
{"sessionId":"1e940a","runId":"pre-fix-ae1","hypothesisId":"H1","location":"plugins/custom-gui-test/src/lib.rs:smart_pre_render","message":"smart pre render reached","data":{"handlerImplemented":true},"timestamp":1777367456244}
{"sessionId":"1e940a","runId":"pre-fix-ae1","hypothesisId":"H1","location":"plugins/custom-gui-test/src/lib.rs:smart_pre_render","message":"smart pre render reached","data":{"handlerImplemented":true},"timestamp":1777367456245}
{"sessionId":"1e940a","runId":"pre-fix-ae1","hypothesisId":"H1","location":"plugins/custom-gui-test/src/lib.rs:smart_pre_render","message":"smart pre render reached","data":{"handlerImplemented":true},"timestamp":1777367456247}
{"sessionId":"1e940a","runId":"pre-fix-ae1","hypothesisId":"H1","location":"plugins/custom-gui-test/src/lib.rs:smart_pre_render","message":"smart pre render reached","data":{"handlerImplemented":true},"timestamp":1777367456248}
{"sessionId":"1e940a","runId":"pre-fix-ae1","hypothesisId":"H1","location":"plugins/custom-gui-test/src/lib.rs:smart_pre_render","message":"smart pre render reached","data":{"handlerImplemented":true},"timestamp":1777367456250}
{"sessionId":"1e940a","runId":"pre-fix-ae1","hypothesisId":"H1","location":"plugins/custom-gui-test/src/lib.rs:smart_pre_render","message":"smart pre render reached","data":{"handlerImplemented":true},"timestamp":1777367456251}
{"sessionId":"1e940a","runId":"pre-fix-ae1","hypothesisId":"H1","location":"plugins/custom-gui-test/src/lib.rs:smart_pre_render","message":"smart pre render reached","data":{"handlerImplemented":true},"timestamp":1777367456252}
{"sessionId":"1e940a","runId":"pre-fix-ae1","hypothesisId":"H1","location":"plugins/custom-gui-test/src/lib.rs:smart_pre_render","message":"smart pre render reached","data":{"handlerImplemented":true},"timestamp":1777367456254}
{"sessionId":"1e940a","runId":"pre-fix-ae1","hypothesisId":"H1","location":"plugins/custom-gui-test/src/lib.rs:smart_pre_render","message":"smart pre render reached","data":{"handlerImplemented":true},"timestamp":1777367456256}
{"sessionId":"1e940a","runId":"pre-fix-ae1","hypothesisId":"H1","location":"plugins/custom-gui-test/src/lib.rs:smart_pre_render","message":"smart pre render reached","data":{"handlerImplemented":true},"timestamp":1777367456257}
{"sessionId":"1e940a","runId":"pre-fix-ae1","hypothesisId":"H1","location":"plugins/custom-gui-test/src/lib.rs:smart_pre_render","message":"smart pre render reached","data":{"handlerImplemented":true},"timestamp":1777367456258}
{"sessionId":"1e940a","runId":"pre-fix-ae1","hypothesisId":"H1","location":"plugins/custom-gui-test/src/lib.rs:smart_pre_render","message":"smart pre render reached","data":{"handlerImplemented":true},"timestamp":1777367456260}
{"sessionId":"1e940a","runId":"pre-fix-ae1","hypothesisId":"H1","location":"plugins/custom-gui-test/src/lib.rs:smart_pre_render","message":"smart pre render reached","data":{"handlerImplemented":true},"timestamp":1777367456261}
{"sessionId":"1e940a","runId":"pre-fix-ae1","hypothesisId":"H1","location":"plugins/custom-gui-test/src/lib.rs:smart_pre_render","message":"smart pre render reached","data":{"handlerImplemented":true},"timestamp":1777367456262}
{"sessionId":"1e940a","runId":"pre-fix-ae1","hypothesisId":"H1","location":"plugins/custom-gui-test/src/lib.rs:smart_pre_render","message":"smart pre render reached","data":{"handlerImplemented":true},"timestamp":1777367456264}
{"sessionId":"1e940a","runId":"pre-fix-ae1","hypothesisId":"H4","location":"plugins/custom-gui-test/src/lib.rs:update_params_ui","message":"update params ui reached","data":{"uiElements":1},"timestamp":1777367456427}
{"sessionId":"1e940a","runId":"pre-fix-ae1","hypothesisId":"H4","location":"plugins/custom-gui-test/src/lib.rs:update_params_ui","message":"update params ui reached","data":{"uiElements":1},"timestamp":1777367456430}
{"sessionId":"1e940a","runId":"pre-fix-ae1","hypothesisId":"H4","location":"plugins/custom-gui-test/src/lib.rs:update_params_ui","message":"update params ui reached","data":{"uiElements":1},"timestamp":1777367456435}
{"sessionId":"1e940a","runId":"pre-fix-ae1","hypothesisId":"H1","location":"plugins/custom-gui-test/src/lib.rs:smart_pre_render","message":"smart pre render reached","data":{"handlerImplemented":true},"timestamp":1777367456458}
{"sessionId":"1e940a","runId":"pre-fix-ae1","hypothesisId":"H1","location":"plugins/custom-gui-test/src/lib.rs:smart_pre_render","message":"smart pre render reached","data":{"handlerImplemented":true},"timestamp":1777367456528}
{"sessionId":"1e940a","runId":"pre-fix-ae1","hypothesisId":"H1","location":"plugins/custom-gui-test/src/lib.rs:smart_pre_render","message":"smart pre render reached","data":{"handlerImplemented":true},"timestamp":1777367456532}
{"sessionId":"1e940a","runId":"pre-fix-ae1","hypothesisId":"H1","location":"plugins/custom-gui-test/src/lib.rs:smart_pre_render","message":"smart pre render reached","data":{"handlerImplemented":true},"timestamp":1777367456535}
{"sessionId":"1e940a","runId":"pre-fix-ae1","hypothesisId":"H1","location":"plugins/custom-gui-test/src/lib.rs:smart_pre_render","message":"smart pre render reached","data":{"handlerImplemented":true},"timestamp":1777367456537}
{"sessionId":"1e940a","runId":"pre-fix-ae1","hypothesisId":"H1","location":"plugins/custom-gui-test/src/lib.rs:smart_pre_render","message":"smart pre render reached","data":{"handlerImplemented":true},"timestamp":1777367456539}
{"sessionId":"1e940a","runId":"pre-fix-ae1","hypothesisId":"H1","location":"plugins/custom-gui-test/src/lib.rs:smart_pre_render","message":"smart pre render reached","data":{"handlerImplemented":true},"timestamp":1777367456541}
{"sessionId":"1e940a","runId":"pre-fix-ae1","hypothesisId":"H1","location":"plugins/custom-gui-test/src/lib.rs:smart_pre_render","message":"smart pre render reached","data":{"handlerImplemented":true},"timestamp":1777367456543}
{"sessionId":"1e940a","runId":"pre-fix-ae1","hypothesisId":"H1","location":"plugins/custom-gui-test/src/lib.rs:smart_pre_render","message":"smart pre render reached","data":{"handlerImplemented":true},"timestamp":1777367456544}
{"sessionId":"1e940a","runId":"pre-fix-ae1","hypothesisId":"H1","location":"plugins/custom-gui-test/src/lib.rs:smart_pre_render","message":"smart pre render reached","data":{"handlerImplemented":true},"timestamp":1777367456545}
{"sessionId":"1e940a","runId":"pre-fix-ae1","hypothesisId":"H1","location":"plugins/custom-gui-test/src/lib.rs:smart_pre_render","message":"smart pre render reached","data":{"handlerImplemented":true},"timestamp":1777367456547}
{"sessionId":"1e940a","runId":"pre-fix-ae1","hypothesisId":"H1","location":"plugins/custom-gui-test/src/lib.rs:smart_pre_render","message":"smart pre render reached","data":{"handlerImplemented":true},"timestamp":1777367456549}
{"sessionId":"1e940a","runId":"pre-fix-ae1","hypothesisId":"H1","location":"plugins/custom-gui-test/src/lib.rs:smart_pre_render","message":"smart pre render reached","data":{"handlerImplemented":true},"timestamp":1777367456550}
{"sessionId":"1e940a","runId":"pre-fix-ae1","hypothesisId":"H1","location":"plugins/custom-gui-test/src/lib.rs:smart_pre_render","message":"smart pre render reached","data":{"handlerImplemented":true},"timestamp":1777367456552}
{"sessionId":"1e940a","runId":"pre-fix-ae1","hypothesisId":"H1","location":"plugins/custom-gui-test/src/lib.rs:smart_pre_render","message":"smart pre render reached","data":{"handlerImplemented":true},"timestamp":1777367456553}
{"sessionId":"1e940a","runId":"pre-fix-ae1","hypothesisId":"H1","location":"plugins/custom-gui-test/src/lib.rs:smart_pre_render","message":"smart pre render reached","data":{"handlerImplemented":true},"timestamp":1777367456555}
{"sessionId":"1e940a","runId":"pre-fix-ae1","hypothesisId":"H1","location":"plugins/custom-gui-test/src/lib.rs:smart_pre_render","message":"smart pre render reached","data":{"handlerImplemented":true},"timestamp":1777367456556}
{"sessionId":"1e940a","runId":"pre-fix-ae1","hypothesisId":"H1","location":"plugins/custom-gui-test/src/lib.rs:smart_pre_render","message":"smart pre render reached","data":{"handlerImplemented":true},"timestamp":1777367456557}
{"sessionId":"1e940a","runId":"pre-fix-ae1","hypothesisId":"H1","location":"plugins/custom-gui-test/src/lib.rs:smart_pre_render","message":"smart pre render reached","data":{"handlerImplemented":true},"timestamp":1777367456558}
{"sessionId":"1e940a","runId":"pre-fix-ae1","hypothesisId":"H1","location":"plugins/custom-gui-test/src/lib.rs:smart_pre_render","message":"smart pre render reached","data":{"handlerImplemented":true},"timestamp":1777367456560}
{"sessionId":"1e940a","runId":"pre-fix-ae1","hypothesisId":"H1","location":"plugins/custom-gui-test/src/lib.rs:smart_pre_render","message":"smart pre render reached","data":{"handlerImplemented":true},"timestamp":1777367456561}
{"sessionId":"1e940a","runId":"pre-fix-ae1","hypothesisId":"H1","location":"plugins/custom-gui-test/src/lib.rs:smart_pre_render","message":"smart pre render reached","data":{"handlerImplemented":true},"timestamp":1777367456563}
{"sessionId":"1e940a","runId":"pre-fix-ae1","hypothesisId":"H1","location":"plugins/custom-gui-test/src/lib.rs:smart_pre_render","message":"smart pre render reached","data":{"handlerImplemented":true},"timestamp":1777367456564}
{"sessionId":"1e940a","runId":"pre-fix-ae1","hypothesisId":"H1","location":"plugins/custom-gui-test/src/lib.rs:smart_pre_render","message":"smart pre render reached","data":{"handlerImplemented":true},"timestamp":1777367456565}
{"sessionId":"1e940a","runId":"pre-fix-ae1","hypothesisId":"H1","location":"plugins/custom-gui-test/src/lib.rs:smart_pre_render","message":"smart pre render reached","data":{"handlerImplemented":true},"timestamp":1777367456567}
{"sessionId":"1e940a","runId":"pre-fix-ae1","hypothesisId":"H1","location":"plugins/custom-gui-test/src/lib.rs:smart_pre_render","message":"smart pre render reached","data":{"handlerImplemented":true},"timestamp":1777367456568}
{"sessionId":"1e940a","runId":"pre-fix-ae1","hypothesisId":"H1","location":"plugins/custom-gui-test/src/lib.rs:smart_pre_render","message":"smart pre render reached","data":{"handlerImplemented":true},"timestamp":1777367456569}
{"sessionId":"1e940a","runId":"pre-fix-ae1","hypothesisId":"H1","location":"plugins/custom-gui-test/src/lib.rs:smart_pre_render","message":"smart pre render reached","data":{"handlerImplemented":true},"timestamp":1777367456571}
{"sessionId":"1e940a","runId":"pre-fix-ae1","hypothesisId":"H1","location":"plugins/custom-gui-test/src/lib.rs:smart_pre_render","message":"smart pre render reached","data":{"handlerImplemented":true},"timestamp":1777367456572}
{"sessionId":"1e940a","runId":"pre-fix-ae1","hypothesisId":"H1","location":"plugins/custom-gui-test/src/lib.rs:smart_pre_render","message":"smart pre render reached","data":{"handlerImplemented":true},"timestamp":1777367456574}
{"sessionId":"1e940a","runId":"pre-fix-ae1","hypothesisId":"H1","location":"plugins/custom-gui-test/src/lib.rs:smart_pre_render","message":"smart pre render reached","data":{"handlerImplemented":true},"timestamp":1777367456575}
{"sessionId":"1e940a","runId":"pre-fix-ae1","hypothesisId":"H1","location":"plugins/custom-gui-test/src/lib.rs:smart_pre_render","message":"smart pre render reached","data":{"handlerImplemented":true},"timestamp":1777367456576}
{"sessionId":"1e940a","runId":"pre-fix-ae1","hypothesisId":"H1","location":"plugins/custom-gui-test/src/lib.rs:smart_pre_render","message":"smart pre render reached","data":{"handlerImplemented":true},"timestamp":1777367456578}
{"sessionId":"1e940a","runId":"pre-fix-ae1","hypothesisId":"H1","location":"plugins/custom-gui-test/src/lib.rs:smart_pre_render","message":"smart pre render reached","data":{"handlerImplemented":true},"timestamp":1777367456579}
{"sessionId":"1e940a","runId":"pre-fix-ae1","hypothesisId":"H1","location":"plugins/custom-gui-test/src/lib.rs:smart_pre_render","message":"smart pre render reached","data":{"handlerImplemented":true},"timestamp":1777367456580}
{"sessionId":"1e940a","runId":"pre-fix-ae1","hypothesisId":"H1","location":"plugins/custom-gui-test/src/lib.rs:smart_pre_render","message":"smart pre render reached","data":{"handlerImplemented":true},"timestamp":1777367456581}
{"sessionId":"1e940a","runId":"pre-fix-ae1","hypothesisId":"H1","location":"plugins/custom-gui-test/src/lib.rs:smart_pre_render","message":"smart pre render reached","data":{"handlerImplemented":true},"timestamp":1777367456583}
{"sessionId":"1e940a","runId":"pre-fix-ae1","hypothesisId":"H1","location":"plugins/custom-gui-test/src/lib.rs:smart_pre_render","message":"smart pre render reached","data":{"handlerImplemented":true},"timestamp":1777367456585}
{"sessionId":"1e940a","runId":"pre-fix-ae1","hypothesisId":"H1","location":"plugins/custom-gui-test/src/lib.rs:smart_pre_render","message":"smart pre render reached","data":{"handlerImplemented":true},"timestamp":1777367456586}
{"sessionId":"1e940a","runId":"pre-fix-ae1","hypothesisId":"H1","location":"plugins/custom-gui-test/src/lib.rs:smart_pre_render","message":"smart pre render reached","data":{"handlerImplemented":true},"timestamp":1777367456587}
{"sessionId":"1e940a","runId":"pre-fix-ae1","hypothesisId":"H1","location":"plugins/custom-gui-test/src/lib.rs:smart_pre_render","message":"smart pre render reached","data":{"handlerImplemented":true},"timestamp":1777367456589}
{"sessionId":"1e940a","runId":"pre-fix-ae1","hypothesisId":"H1","location":"plugins/custom-gui-test/src/lib.rs:smart_pre_render","message":"smart pre render reached","data":{"handlerImplemented":true},"timestamp":1777367456590}
{"sessionId":"1e940a","runId":"pre-fix-ae1","hypothesisId":"H1","location":"plugins/custom-gui-test/src/lib.rs:smart_pre_render","message":"smart pre render reached","data":{"handlerImplemented":true},"timestamp":1777367456592}
{"sessionId":"1e940a","runId":"pre-fix-ae1","hypothesisId":"H1","location":"plugins/custom-gui-test/src/lib.rs:smart_pre_render","message":"smart pre render reached","data":{"handlerImplemented":true},"timestamp":1777367456593}
{"sessionId":"1e940a","runId":"pre-fix-ae1","hypothesisId":"H1","location":"plugins/custom-gui-test/src/lib.rs:smart_pre_render","message":"smart pre render reached","data":{"handlerImplemented":true},"timestamp":1777367456595}
{"sessionId":"1e940a","runId":"pre-fix-ae1","hypothesisId":"H1","location":"plugins/custom-gui-test/src/lib.rs:smart_pre_render","message":"smart pre render reached","data":{"handlerImplemented":true},"timestamp":1777367456596}
{"sessionId":"1e940a","runId":"pre-fix-ae1","hypothesisId":"H1","location":"plugins/custom-gui-test/src/lib.rs:smart_pre_render","message":"smart pre render reached","data":{"handlerImplemented":true},"timestamp":1777367456598}
{"sessionId":"1e940a","runId":"pre-fix-ae1","hypothesisId":"H1","location":"plugins/custom-gui-test/src/lib.rs:smart_pre_render","message":"smart pre render reached","data":{"handlerImplemented":true},"timestamp":1777367456600}
{"sessionId":"1e940a","runId":"pre-fix-ae1","hypothesisId":"H1","location":"plugins/custom-gui-test/src/lib.rs:smart_pre_render","message":"smart pre render reached","data":{"handlerImplemented":true},"timestamp":1777367456601}
{"sessionId":"1e940a","runId":"pre-fix-ae1","hypothesisId":"H1","location":"plugins/custom-gui-test/src/lib.rs:smart_pre_render","message":"smart pre render reached","data":{"handlerImplemented":true},"timestamp":1777367456603}
{"sessionId":"1e940a","runId":"pre-fix-ae1","hypothesisId":"H1","location":"plugins/custom-gui-test/src/lib.rs:smart_pre_render","message":"smart pre render reached","data":{"handlerImplemented":true},"timestamp":1777367456604}
{"sessionId":"1e940a","runId":"pre-fix-ae1","hypothesisId":"H1","location":"plugins/custom-gui-test/src/lib.rs:smart_pre_render","message":"smart pre render reached","data":{"handlerImplemented":true},"timestamp":1777367456606}
{"sessionId":"1e940a","runId":"pre-fix-ae1","hypothesisId":"H1","location":"plugins/custom-gui-test/src/lib.rs:smart_pre_render","message":"smart pre render reached","data":{"handlerImplemented":true},"timestamp":1777367456607}
{"sessionId":"1e940a","runId":"pre-fix-ae1","hypothesisId":"H1","location":"plugins/custom-gui-test/src/lib.rs:smart_pre_render","message":"smart pre render reached","data":{"handlerImplemented":true},"timestamp":1777367456608}
{"sessionId":"1e940a","runId":"pre-fix-ae1","hypothesisId":"H1","location":"plugins/custom-gui-test/src/lib.rs:smart_pre_render","message":"smart pre render reached","data":{"handlerImplemented":true},"timestamp":1777367456610}
{"sessionId":"1e940a","runId":"pre-fix-ae1","hypothesisId":"H1","location":"plugins/custom-gui-test/src/lib.rs:smart_pre_render","message":"smart pre render reached","data":{"handlerImplemented":true},"timestamp":1777367456611}
{"sessionId":"1e940a","runId":"pre-fix-ae1","hypothesisId":"H1","location":"plugins/custom-gui-test/src/lib.rs:smart_pre_render","message":"smart pre render reached","data":{"handlerImplemented":true},"timestamp":1777367456612}
{"sessionId":"1e940a","runId":"pre-fix-ae1","hypothesisId":"H1","location":"plugins/custom-gui-test/src/lib.rs:smart_pre_render","message":"smart pre render reached","data":{"handlerImplemented":true},"timestamp":1777367456614}
{"sessionId":"1e940a","runId":"pre-fix-ae1","hypothesisId":"H1","location":"plugins/custom-gui-test/src/lib.rs:smart_pre_render","message":"smart pre render reached","data":{"handlerImplemented":true},"timestamp":1777367456615}
{"sessionId":"1e940a","runId":"pre-fix-ae1","hypothesisId":"H1","location":"plugins/custom-gui-test/src/lib.rs:smart_pre_render","message":"smart pre render reached","data":{"handlerImplemented":true},"timestamp":1777367456616}
{"sessionId":"1e940a","runId":"pre-fix-ae1","hypothesisId":"H4","location":"plugins/custom-gui-test/src/lib.rs:update_params_ui","message":"update params ui reached","data":{"uiElements":1},"timestamp":1777367456931}
{"sessionId":"1e940a","runId":"pre-fix-ae1","hypothesisId":"H4","location":"plugins/custom-gui-test/src/lib.rs:update_params_ui","message":"update params ui reached","data":{"uiElements":1},"timestamp":1777367456935}
{"sessionId":"1e940a","runId":"pre-fix-ae1","hypothesisId":"H4","location":"plugins/custom-gui-test/src/lib.rs:update_params_ui","message":"update params ui reached","data":{"uiElements":1},"timestamp":1777367456940}
{"sessionId":"1e940a","runId":"pre-fix-ae1","hypothesisId":"H1","location":"plugins/custom-gui-test/src/lib.rs:smart_pre_render","message":"smart pre render reached","data":{"handlerImplemented":true},"timestamp":1777367457023}
{"sessionId":"1e940a","runId":"pre-fix-ae1","hypothesisId":"H1","location":"plugins/custom-gui-test/src/lib.rs:smart_pre_render","message":"smart pre render reached","data":{"handlerImplemented":true},"timestamp":1777367457032}
{"sessionId":"1e940a","runId":"pre-fix-ae1","hypothesisId":"H1","location":"plugins/custom-gui-test/src/lib.rs:smart_pre_render","message":"smart pre render reached","data":{"handlerImplemented":true},"timestamp":1777367457034}
{"sessionId":"1e940a","runId":"pre-fix-ae1","hypothesisId":"H1","location":"plugins/custom-gui-test/src/lib.rs:smart_pre_render","message":"smart pre render reached","data":{"handlerImplemented":true},"timestamp":1777367457035}
{"sessionId":"1e940a","runId":"pre-fix-ae1","hypothesisId":"H1","location":"plugins/custom-gui-test/src/lib.rs:smart_pre_render","message":"smart pre render reached","data":{"handlerImplemented":true},"timestamp":1777367457037}
{"sessionId":"1e940a","runId":"pre-fix-ae1","hypothesisId":"H1","location":"plugins/custom-gui-test/src/lib.rs:smart_pre_render","message":"smart pre render reached","data":{"handlerImplemented":true},"timestamp":1777367457038}
{"sessionId":"1e940a","runId":"pre-fix-ae1","hypothesisId":"H1","location":"plugins/custom-gui-test/src/lib.rs:smart_pre_render","message":"smart pre render reached","data":{"handlerImplemented":true},"timestamp":1777367457039}
{"sessionId":"1e940a","runId":"pre-fix-ae1","hypothesisId":"H1","location":"plugins/custom-gui-test/src/lib.rs:smart_pre_render","message":"smart pre render reached","data":{"handlerImplemented":true},"timestamp":1777367457041}
{"sessionId":"1e940a","runId":"pre-fix-ae1","hypothesisId":"H1","location":"plugins/custom-gui-test/src/lib.rs:smart_pre_render","message":"smart pre render reached","data":{"handlerImplemented":true},"timestamp":1777367457043}
{"sessionId":"1e940a","runId":"pre-fix-ae1","hypothesisId":"H1","location":"plugins/custom-gui-test/src/lib.rs:smart_pre_render","message":"smart pre render reached","data":{"handlerImplemented":true},"timestamp":1777367457044}
{"sessionId":"1e940a","runId":"pre-fix-ae1","hypothesisId":"H1","location":"plugins/custom-gui-test/src/lib.rs:smart_pre_render","message":"smart pre render reached","data":{"handlerImplemented":true},"timestamp":1777367457045}
{"sessionId":"1e940a","runId":"pre-fix-ae1","hypothesisId":"H1","location":"plugins/custom-gui-test/src/lib.rs:smart_pre_render","message":"smart pre render reached","data":{"handlerImplemented":true},"timestamp":1777367457047}
{"sessionId":"1e940a","runId":"pre-fix-ae1","hypothesisId":"H1","location":"plugins/custom-gui-test/src/lib.rs:smart_pre_render","message":"smart pre render reached","data":{"handlerImplemented":true},"timestamp":1777367457049}
{"sessionId":"1e940a","runId":"pre-fix-ae1","hypothesisId":"H1","location":"plugins/custom-gui-test/src/lib.rs:smart_pre_render","message":"smart pre render reached","data":{"handlerImplemented":true},"timestamp":1777367457051}
{"sessionId":"1e940a","runId":"pre-fix-ae1","hypothesisId":"H1","location":"plugins/custom-gui-test/src/lib.rs:smart_pre_render","message":"smart pre render reached","data":{"handlerImplemented":true},"timestamp":1777367457052}
{"sessionId":"1e940a","runId":"pre-fix-ae1","hypothesisId":"H1","location":"plugins/custom-gui-test/src/lib.rs:smart_pre_render","message":"smart pre render reached","data":{"handlerImplemented":true},"timestamp":1777367457053}
{"sessionId":"1e940a","runId":"pre-fix-ae1","hypothesisId":"H1","location":"plugins/custom-gui-test/src/lib.rs:smart_pre_render","message":"smart pre render reached","data":{"handlerImplemented":true},"timestamp":1777367457055}
{"sessionId":"1e940a","runId":"pre-fix-ae1","hypothesisId":"H1","location":"plugins/custom-gui-test/src/lib.rs:smart_pre_render","message":"smart pre render reached","data":{"handlerImplemented":true},"timestamp":1777367457057}
{"sessionId":"1e940a","runId":"pre-fix-ae1","hypothesisId":"H1","location":"plugins/custom-gui-test/src/lib.rs:smart_pre_render","message":"smart pre render reached","data":{"handlerImplemented":true},"timestamp":1777367457059}
{"sessionId":"1e940a","runId":"pre-fix-ae1","hypothesisId":"H1","location":"plugins/custom-gui-test/src/lib.rs:smart_pre_render","message":"smart pre render reached","data":{"handlerImplemented":true},"timestamp":1777367457060}
{"sessionId":"1e940a","runId":"pre-fix-ae1","hypothesisId":"H1","location":"plugins/custom-gui-test/src/lib.rs:smart_pre_render","message":"smart pre render reached","data":{"handlerImplemented":true},"timestamp":1777367457062}
{"sessionId":"1e940a","runId":"pre-fix-ae1","hypothesisId":"H1","location":"plugins/custom-gui-test/src/lib.rs:smart_pre_render","message":"smart pre render reached","data":{"handlerImplemented":true},"timestamp":1777367457064}
{"sessionId":"1e940a","runId":"pre-fix-ae1","hypothesisId":"H1","location":"plugins/custom-gui-test/src/lib.rs:smart_pre_render","message":"smart pre render reached","data":{"handlerImplemented":true},"timestamp":1777367457065}
{"sessionId":"1e940a","runId":"pre-fix-ae1","hypothesisId":"H1","location":"plugins/custom-gui-test/src/lib.rs:smart_pre_render","message":"smart pre render reached","data":{"handlerImplemented":true},"timestamp":1777367457067}
{"sessionId":"1e940a","runId":"pre-fix-ae1","hypothesisId":"H1","location":"plugins/custom-gui-test/src/lib.rs:smart_pre_render","message":"smart pre render reached","data":{"handlerImplemented":true},"timestamp":1777367457069}
{"sessionId":"1e940a","runId":"pre-fix-ae1","hypothesisId":"H1","location":"plugins/custom-gui-test/src/lib.rs:smart_pre_render","message":"smart pre render reached","data":{"handlerImplemented":true},"timestamp":1777367457070}
{"sessionId":"1e940a","runId":"pre-fix-ae1","hypothesisId":"H1","location":"plugins/custom-gui-test/src/lib.rs:smart_pre_render","message":"smart pre render reached","data":{"handlerImplemented":true},"timestamp":1777367457072}
{"sessionId":"1e940a","runId":"pre-fix-ae1","hypothesisId":"H1","location":"plugins/custom-gui-test/src/lib.rs:smart_pre_render","message":"smart pre render reached","data":{"handlerImplemented":true},"timestamp":1777367457073}
{"sessionId":"1e940a","runId":"pre-fix-ae1","hypothesisId":"H1","location":"plugins/custom-gui-test/src/lib.rs:smart_pre_render","message":"smart pre render reached","data":{"handlerImplemented":true},"timestamp":1777367457075}
{"sessionId":"1e940a","runId":"pre-fix-ae1","hypothesisId":"H1","location":"plugins/custom-gui-test/src/lib.rs:smart_pre_render","message":"smart pre render reached","data":{"handlerImplemented":true},"timestamp":1777367457076}
{"sessionId":"1e940a","runId":"pre-fix-ae1","hypothesisId":"H1","location":"plugins/custom-gui-test/src/lib.rs:smart_pre_render","message":"smart pre render reached","data":{"handlerImplemented":true},"timestamp":1777367457077}
{"sessionId":"1e940a","runId":"pre-fix-ae1","hypothesisId":"H1","location":"plugins/custom-gui-test/src/lib.rs:smart_pre_render","message":"smart pre render reached","data":{"handlerImplemented":true},"timestamp":1777367457079}
{"sessionId":"1e940a","runId":"pre-fix-ae1","hypothesisId":"H1","location":"plugins/custom-gui-test/src/lib.rs:smart_pre_render","message":"smart pre render reached","data":{"handlerImplemented":true},"timestamp":1777367457080}
{"sessionId":"1e940a","runId":"pre-fix-ae1","hypothesisId":"H1","location":"plugins/custom-gui-test/src/lib.rs:smart_pre_render","message":"smart pre render reached","data":{"handlerImplemented":true},"timestamp":1777367457082}
{"sessionId":"1e940a","runId":"pre-fix-ae1","hypothesisId":"H1","location":"plugins/custom-gui-test/src/lib.rs:smart_pre_render","message":"smart pre render reached","data":{"handlerImplemented":true},"timestamp":1777367457084}
{"sessionId":"1e940a","runId":"pre-fix-ae1","hypothesisId":"H1","location":"plugins/custom-gui-test/src/lib.rs:smart_pre_render","message":"smart pre render reached","data":{"handlerImplemented":true},"timestamp":1777367457086}
{"sessionId":"1e940a","runId":"pre-fix-ae1","hypothesisId":"H1","location":"plugins/custom-gui-test/src/lib.rs:smart_pre_render","message":"smart pre render reached","data":{"handlerImplemented":true},"timestamp":1777367457087}
{"sessionId":"1e940a","runId":"pre-fix-ae1","hypothesisId":"H1","location":"plugins/custom-gui-test/src/lib.rs:smart_pre_render","message":"smart pre render reached","data":{"handlerImplemented":true},"timestamp":1777367457089}
{"sessionId":"1e940a","runId":"pre-fix-ae1","hypothesisId":"H1","location":"plugins/custom-gui-test/src/lib.rs:smart_pre_render","message":"smart pre render reached","data":{"handlerImplemented":true},"timestamp":1777367457090}
{"sessionId":"1e940a","runId":"pre-fix-ae1","hypothesisId":"H1","location":"plugins/custom-gui-test/src/lib.rs:smart_pre_render","message":"smart pre render reached","data":{"handlerImplemented":true},"timestamp":1777367457092}
{"sessionId":"1e940a","runId":"pre-fix-ae1","hypothesisId":"H1","location":"plugins/custom-gui-test/src/lib.rs:smart_pre_render","message":"smart pre render reached","data":{"handlerImplemented":true},"timestamp":1777367457094}
{"sessionId":"1e940a","runId":"pre-fix-ae1","hypothesisId":"H1","location":"plugins/custom-gui-test/src/lib.rs:smart_pre_render","message":"smart pre render reached","data":{"handlerImplemented":true},"timestamp":1777367457095}
{"sessionId":"1e940a","runId":"pre-fix-ae1","hypothesisId":"H1","location":"plugins/custom-gui-test/src/lib.rs:smart_pre_render","message":"smart pre render reached","data":{"handlerImplemented":true},"timestamp":1777367457096}
{"sessionId":"1e940a","runId":"pre-fix-ae1","hypothesisId":"H1","location":"plugins/custom-gui-test/src/lib.rs:smart_pre_render","message":"smart pre render reached","data":{"handlerImplemented":true},"timestamp":1777367457098}
{"sessionId":"1e940a","runId":"pre-fix-ae1","hypothesisId":"H1","location":"plugins/custom-gui-test/src/lib.rs:smart_pre_render","message":"smart pre render reached","data":{"handlerImplemented":true},"timestamp":1777367457099}
{"sessionId":"1e940a","runId":"pre-fix-ae1","hypothesisId":"H1","location":"plugins/custom-gui-test/src/lib.rs:smart_pre_render","message":"smart pre render reached","data":{"handlerImplemented":true},"timestamp":1777367457100}
{"sessionId":"1e940a","runId":"pre-fix-ae1","hypothesisId":"H1","location":"plugins/custom-gui-test/src/lib.rs:smart_pre_render","message":"smart pre render reached","data":{"handlerImplemented":true},"timestamp":1777367457101}
{"sessionId":"1e940a","runId":"pre-fix-ae1","hypothesisId":"H1","location":"plugins/custom-gui-test/src/lib.rs:smart_pre_render","message":"smart pre render reached","data":{"handlerImplemented":true},"timestamp":1777367457103}
{"sessionId":"1e940a","runId":"pre-fix-ae1","hypothesisId":"H1","location":"plugins/custom-gui-test/src/lib.rs:smart_pre_render","message":"smart pre render reached","data":{"handlerImplemented":true},"timestamp":1777367457104}
{"sessionId":"1e940a","runId":"pre-fix-ae1","hypothesisId":"H1","location":"plugins/custom-gui-test/src/lib.rs:smart_pre_render","message":"smart pre render reached","data":{"handlerImplemented":true},"timestamp":1777367457105}
{"sessionId":"1e940a","runId":"pre-fix-ae1","hypothesisId":"H1","location":"plugins/custom-gui-test/src/lib.rs:smart_pre_render","message":"smart pre render reached","data":{"handlerImplemented":true},"timestamp":1777367457107}
{"sessionId":"1e940a","runId":"pre-fix-ae1","hypothesisId":"H1","location":"plugins/custom-gui-test/src/lib.rs:smart_pre_render","message":"smart pre render reached","data":{"handlerImplemented":true},"timestamp":1777367457109}
{"sessionId":"1e940a","runId":"pre-fix-ae1","hypothesisId":"H1","location":"plugins/custom-gui-test/src/lib.rs:smart_pre_render","message":"smart pre render reached","data":{"handlerImplemented":true},"timestamp":1777367457110}
{"sessionId":"1e940a","runId":"pre-fix-ae1","hypothesisId":"H1","location":"plugins/custom-gui-test/src/lib.rs:smart_pre_render","message":"smart pre render reached","data":{"handlerImplemented":true},"timestamp":1777367457111}
{"sessionId":"1e940a","runId":"pre-fix-ae1","hypothesisId":"H1","location":"plugins/custom-gui-test/src/lib.rs:smart_pre_render","message":"smart pre render reached","data":{"handlerImplemented":true},"timestamp":1777367457112}
{"sessionId":"1e940a","runId":"pre-fix-ae1","hypothesisId":"H1","location":"plugins/custom-gui-test/src/lib.rs:smart_pre_render","message":"smart pre render reached","data":{"handlerImplemented":true},"timestamp":1777367457113}
{"sessionId":"1e940a","runId":"pre-fix-ae1","hypothesisId":"H1","location":"plugins/custom-gui-test/src/lib.rs:smart_pre_render","message":"smart pre render reached","data":{"handlerImplemented":true},"timestamp":1777367457115}
{"sessionId":"1e940a","runId":"pre-fix-ae1","hypothesisId":"H1","location":"plugins/custom-gui-test/src/lib.rs:smart_pre_render","message":"smart pre render reached","data":{"handlerImplemented":true},"timestamp":1777367457116}
{"sessionId":"1e940a","runId":"pre-fix-ae1","hypothesisId":"H1","location":"plugins/custom-gui-test/src/lib.rs:smart_pre_render","message":"smart pre render reached","data":{"handlerImplemented":true},"timestamp":1777367457118}
{"sessionId":"1e940a","runId":"pre-fix-ae1","hypothesisId":"H1","location":"plugins/custom-gui-test/src/lib.rs:smart_pre_render","message":"smart pre render reached","data":{"handlerImplemented":true},"timestamp":1777367457120}
{"sessionId":"1e940a","runId":"pre-fix-ae1","hypothesisId":"H4","location":"plugins/custom-gui-test/src/lib.rs:update_params_ui","message":"update params ui reached","data":{"uiElements":1},"timestamp":1777367457434}
{"sessionId":"1e940a","runId":"pre-fix-ae1","hypothesisId":"H4","location":"plugins/custom-gui-test/src/lib.rs:update_params_ui","message":"update params ui reached","data":{"uiElements":1},"timestamp":1777367457437}
{"sessionId":"1e940a","runId":"pre-fix-ae1","hypothesisId":"H4","location":"plugins/custom-gui-test/src/lib.rs:update_params_ui","message":"update params ui reached","data":{"uiElements":1},"timestamp":1777367457443}
{"sessionId":"1e940a","runId":"pre-fix-ae1","hypothesisId":"H1","location":"plugins/custom-gui-test/src/lib.rs:smart_pre_render","message":"smart pre render reached","data":{"handlerImplemented":true},"timestamp":1777367457535}
{"sessionId":"1e940a","runId":"pre-fix-ae1","hypothesisId":"H1","location":"plugins/custom-gui-test/src/lib.rs:smart_pre_render","message":"smart pre render reached","data":{"handlerImplemented":true},"timestamp":1777367457741}
{"sessionId":"1e940a","runId":"pre-fix-ae1","hypothesisId":"H1","location":"plugins/custom-gui-test/src/lib.rs:smart_pre_render","message":"smart pre render reached","data":{"handlerImplemented":true},"timestamp":1777367457745}
{"sessionId":"1e940a","runId":"pre-fix-ae1","hypothesisId":"H1","location":"plugins/custom-gui-test/src/lib.rs:smart_pre_render","message":"smart pre render reached","data":{"handlerImplemented":true},"timestamp":1777367457748}
{"sessionId":"1e940a","runId":"pre-fix-ae1","hypothesisId":"H1","location":"plugins/custom-gui-test/src/lib.rs:smart_pre_render","message":"smart pre render reached","data":{"handlerImplemented":true},"timestamp":1777367457751}
{"sessionId":"1e940a","runId":"pre-fix-ae1","hypothesisId":"H1","location":"plugins/custom-gui-test/src/lib.rs:smart_pre_render","message":"smart pre render reached","data":{"handlerImplemented":true},"timestamp":1777367457752}
{"sessionId":"1e940a","runId":"pre-fix-ae1","hypothesisId":"H1","location":"plugins/custom-gui-test/src/lib.rs:smart_pre_render","message":"smart pre render reached","data":{"handlerImplemented":true},"timestamp":1777367457754}
{"sessionId":"1e940a","runId":"pre-fix-ae1","hypothesisId":"H1","location":"plugins/custom-gui-test/src/lib.rs:smart_pre_render","message":"smart pre render reached","data":{"handlerImplemented":true},"timestamp":1777367457756}
{"sessionId":"1e940a","runId":"pre-fix-ae1","hypothesisId":"H1","location":"plugins/custom-gui-test/src/lib.rs:smart_pre_render","message":"smart pre render reached","data":{"handlerImplemented":true},"timestamp":1777367457759}
{"sessionId":"1e940a","runId":"pre-fix-ae1","hypothesisId":"H1","location":"plugins/custom-gui-test/src/lib.rs:smart_pre_render","message":"smart pre render reached","data":{"handlerImplemented":true},"timestamp":1777367457760}
{"sessionId":"1e940a","runId":"pre-fix-ae1","hypothesisId":"H1","location":"plugins/custom-gui-test/src/lib.rs:smart_pre_render","message":"smart pre render reached","data":{"handlerImplemented":true},"timestamp":1777367457762}
{"sessionId":"1e940a","runId":"pre-fix-ae1","hypothesisId":"H1","location":"plugins/custom-gui-test/src/lib.rs:smart_pre_render","message":"smart pre render reached","data":{"handlerImplemented":true},"timestamp":1777367457764}
{"sessionId":"1e940a","runId":"pre-fix-ae1","hypothesisId":"H1","location":"plugins/custom-gui-test/src/lib.rs:smart_pre_render","message":"smart pre render reached","data":{"handlerImplemented":true},"timestamp":1777367457765}
{"sessionId":"1e940a","runId":"pre-fix-ae1","hypothesisId":"H1","location":"plugins/custom-gui-test/src/lib.rs:smart_pre_render","message":"smart pre render reached","data":{"handlerImplemented":true},"timestamp":1777367457767}
{"sessionId":"1e940a","runId":"pre-fix-ae1","hypothesisId":"H1","location":"plugins/custom-gui-test/src/lib.rs:smart_pre_render","message":"smart pre render reached","data":{"handlerImplemented":true},"timestamp":1777367457768}
{"sessionId":"1e940a","runId":"pre-fix-ae1","hypothesisId":"H1","location":"plugins/custom-gui-test/src/lib.rs:smart_pre_render","message":"smart pre render reached","data":{"handlerImplemented":true},"timestamp":1777367457769}
{"sessionId":"1e940a","runId":"pre-fix-ae1","hypothesisId":"H1","location":"plugins/custom-gui-test/src/lib.rs:smart_pre_render","message":"smart pre render reached","data":{"handlerImplemented":true},"timestamp":1777367457770}
{"sessionId":"1e940a","runId":"pre-fix-ae1","hypothesisId":"H1","location":"plugins/custom-gui-test/src/lib.rs:smart_pre_render","message":"smart pre render reached","data":{"handlerImplemented":true},"timestamp":1777367457772}
{"sessionId":"1e940a","runId":"pre-fix-ae1","hypothesisId":"H1","location":"plugins/custom-gui-test/src/lib.rs:smart_pre_render","message":"smart pre render reached","data":{"handlerImplemented":true},"timestamp":1777367457774}
{"sessionId":"1e940a","runId":"pre-fix-ae1","hypothesisId":"H1","location":"plugins/custom-gui-test/src/lib.rs:smart_pre_render","message":"smart pre render reached","data":{"handlerImplemented":true},"timestamp":1777367457775}
{"sessionId":"1e940a","runId":"pre-fix-ae1","hypothesisId":"H1","location":"plugins/custom-gui-test/src/lib.rs:smart_pre_render","message":"smart pre render reached","data":{"handlerImplemented":true},"timestamp":1777367457777}
{"sessionId":"1e940a","runId":"pre-fix-ae1","hypothesisId":"H1","location":"plugins/custom-gui-test/src/lib.rs:smart_pre_render","message":"smart pre render reached","data":{"handlerImplemented":true},"timestamp":1777367457778}
{"sessionId":"1e940a","runId":"pre-fix-ae1","hypothesisId":"H1","location":"plugins/custom-gui-test/src/lib.rs:smart_pre_render","message":"smart pre render reached","data":{"handlerImplemented":true},"timestamp":1777367457779}
{"sessionId":"1e940a","runId":"pre-fix-ae1","hypothesisId":"H1","location":"plugins/custom-gui-test/src/lib.rs:smart_pre_render","message":"smart pre render reached","data":{"handlerImplemented":true},"timestamp":1777367457780}
{"sessionId":"1e940a","runId":"pre-fix-ae1","hypothesisId":"H1","location":"plugins/custom-gui-test/src/lib.rs:smart_pre_render","message":"smart pre render reached","data":{"handlerImplemented":true},"timestamp":1777367457782}
{"sessionId":"1e940a","runId":"pre-fix-ae1","hypothesisId":"H1","location":"plugins/custom-gui-test/src/lib.rs:smart_pre_render","message":"smart pre render reached","data":{"handlerImplemented":true},"timestamp":1777367457783}
{"sessionId":"1e940a","runId":"pre-fix-ae1","hypothesisId":"H1","location":"plugins/custom-gui-test/src/lib.rs:smart_pre_render","message":"smart pre render reached","data":{"handlerImplemented":true},"timestamp":1777367457785}
{"sessionId":"1e940a","runId":"pre-fix-ae1","hypothesisId":"H1","location":"plugins/custom-gui-test/src/lib.rs:smart_pre_render","message":"smart pre render reached","data":{"handlerImplemented":true},"timestamp":1777367457786}
{"sessionId":"1e940a","runId":"pre-fix-ae1","hypothesisId":"H1","location":"plugins/custom-gui-test/src/lib.rs:smart_pre_render","message":"smart pre render reached","data":{"handlerImplemented":true},"timestamp":1777367457788}
{"sessionId":"1e940a","runId":"pre-fix-ae1","hypothesisId":"H1","location":"plugins/custom-gui-test/src/lib.rs:smart_pre_render","message":"smart pre render reached","data":{"handlerImplemented":true},"timestamp":1777367457789}
{"sessionId":"1e940a","runId":"pre-fix-ae1","hypothesisId":"H1","location":"plugins/custom-gui-test/src/lib.rs:smart_pre_render","message":"smart pre render reached","data":{"handlerImplemented":true},"timestamp":1777367457790}
{"sessionId":"1e940a","runId":"pre-fix-ae1","hypothesisId":"H1","location":"plugins/custom-gui-test/src/lib.rs:smart_pre_render","message":"smart pre render reached","data":{"handlerImplemented":true},"timestamp":1777367457793}
{"sessionId":"1e940a","runId":"pre-fix-ae1","hypothesisId":"H1","location":"plugins/custom-gui-test/src/lib.rs:smart_pre_render","message":"smart pre render reached","data":{"handlerImplemented":true},"timestamp":1777367457794}
{"sessionId":"1e940a","runId":"pre-fix-ae1","hypothesisId":"H1","location":"plugins/custom-gui-test/src/lib.rs:smart_pre_render","message":"smart pre render reached","data":{"handlerImplemented":true},"timestamp":1777367457795}
{"sessionId":"1e940a","runId":"pre-fix-ae1","hypothesisId":"H1","location":"plugins/custom-gui-test/src/lib.rs:smart_pre_render","message":"smart pre render reached","data":{"handlerImplemented":true},"timestamp":1777367457797}
{"sessionId":"1e940a","runId":"pre-fix-ae1","hypothesisId":"H1","location":"plugins/custom-gui-test/src/lib.rs:smart_pre_render","message":"smart pre render reached","data":{"handlerImplemented":true},"timestamp":1777367457798}
{"sessionId":"1e940a","runId":"pre-fix-ae1","hypothesisId":"H1","location":"plugins/custom-gui-test/src/lib.rs:smart_pre_render","message":"smart pre render reached","data":{"handlerImplemented":true},"timestamp":1777367457800}
{"sessionId":"1e940a","runId":"pre-fix-ae1","hypothesisId":"H1","location":"plugins/custom-gui-test/src/lib.rs:smart_pre_render","message":"smart pre render reached","data":{"handlerImplemented":true},"timestamp":1777367457801}
{"sessionId":"1e940a","runId":"pre-fix-ae1","hypothesisId":"H1","location":"plugins/custom-gui-test/src/lib.rs:smart_pre_render","message":"smart pre render reached","data":{"handlerImplemented":true},"timestamp":1777367457802}
{"sessionId":"1e940a","runId":"pre-fix-ae1","hypothesisId":"H1","location":"plugins/custom-gui-test/src/lib.rs:smart_pre_render","message":"smart pre render reached","data":{"handlerImplemented":true},"timestamp":1777367457804}
{"sessionId":"1e940a","runId":"pre-fix-ae1","hypothesisId":"H1","location":"plugins/custom-gui-test/src/lib.rs:smart_pre_render","message":"smart pre render reached","data":{"handlerImplemented":true},"timestamp":1777367457806}
{"sessionId":"1e940a","runId":"pre-fix-ae1","hypothesisId":"H1","location":"plugins/custom-gui-test/src/lib.rs:smart_pre_render","message":"smart pre render reached","data":{"handlerImplemented":true},"timestamp":1777367457807}
{"sessionId":"1e940a","runId":"pre-fix-ae1","hypothesisId":"H1","location":"plugins/custom-gui-test/src/lib.rs:smart_pre_render","message":"smart pre render reached","data":{"handlerImplemented":true},"timestamp":1777367457808}
{"sessionId":"1e940a","runId":"pre-fix-ae1","hypothesisId":"H1","location":"plugins/custom-gui-test/src/lib.rs:smart_pre_render","message":"smart pre render reached","data":{"handlerImplemented":true},"timestamp":1777367457810}
{"sessionId":"1e940a","runId":"pre-fix-ae1","hypothesisId":"H1","location":"plugins/custom-gui-test/src/lib.rs:smart_pre_render","message":"smart pre render reached","data":{"handlerImplemented":true},"timestamp":1777367457811}
{"sessionId":"1e940a","runId":"pre-fix-ae1","hypothesisId":"H1","location":"plugins/custom-gui-test/src/lib.rs:smart_pre_render","message":"smart pre render reached","data":{"handlerImplemented":true},"timestamp":1777367457812}
{"sessionId":"1e940a","runId":"pre-fix-ae1","hypothesisId":"H1","location":"plugins/custom-gui-test/src/lib.rs:smart_pre_render","message":"smart pre render reached","data":{"handlerImplemented":true},"timestamp":1777367457813}
{"sessionId":"1e940a","runId":"pre-fix-ae1","hypothesisId":"H1","location":"plugins/custom-gui-test/src/lib.rs:smart_pre_render","message":"smart pre render reached","data":{"handlerImplemented":true},"timestamp":1777367457814}
{"sessionId":"1e940a","runId":"pre-fix-ae1","hypothesisId":"H1","location":"plugins/custom-gui-test/src/lib.rs:smart_pre_render","message":"smart pre render reached","data":{"handlerImplemented":true},"timestamp":1777367457815}
{"sessionId":"1e940a","runId":"pre-fix-ae1","hypothesisId":"H1","location":"plugins/custom-gui-test/src/lib.rs:smart_pre_render","message":"smart pre render reached","data":{"handlerImplemented":true},"timestamp":1777367457817}
{"sessionId":"1e940a","runId":"pre-fix-ae1","hypothesisId":"H1","location":"plugins/custom-gui-test/src/lib.rs:smart_pre_render","message":"smart pre render reached","data":{"handlerImplemented":true},"timestamp":1777367457818}
{"sessionId":"1e940a","runId":"pre-fix-ae1","hypothesisId":"H1","location":"plugins/custom-gui-test/src/lib.rs:smart_pre_render","message":"smart pre render reached","data":{"handlerImplemented":true},"timestamp":1777367457819}
{"sessionId":"1e940a","runId":"pre-fix-ae1","hypothesisId":"H1","location":"plugins/custom-gui-test/src/lib.rs:smart_pre_render","message":"smart pre render reached","data":{"handlerImplemented":true},"timestamp":1777367457821}
{"sessionId":"1e940a","runId":"pre-fix-ae1","hypothesisId":"H1","location":"plugins/custom-gui-test/src/lib.rs:smart_pre_render","message":"smart pre render reached","data":{"handlerImplemented":true},"timestamp":1777367457822}
{"sessionId":"1e940a","runId":"pre-fix-ae1","hypothesisId":"H1","location":"plugins/custom-gui-test/src/lib.rs:smart_pre_render","message":"smart pre render reached","data":{"handlerImplemented":true},"timestamp":1777367457823}
{"sessionId":"1e940a","runId":"pre-fix-ae1","hypothesisId":"H1","location":"plugins/custom-gui-test/src/lib.rs:smart_pre_render","message":"smart pre render reached","data":{"handlerImplemented":true},"timestamp":1777367457824}
{"sessionId":"1e940a","runId":"pre-fix-ae1","hypothesisId":"H1","location":"plugins/custom-gui-test/src/lib.rs:smart_pre_render","message":"smart pre render reached","data":{"handlerImplemented":true},"timestamp":1777367457826}
{"sessionId":"1e940a","runId":"pre-fix-ae1","hypothesisId":"H1","location":"plugins/custom-gui-test/src/lib.rs:smart_pre_render","message":"smart pre render reached","data":{"handlerImplemented":true},"timestamp":1777367457827}
{"sessionId":"1e940a","runId":"pre-fix-ae1","hypothesisId":"H1","location":"plugins/custom-gui-test/src/lib.rs:smart_pre_render","message":"smart pre render reached","data":{"handlerImplemented":true},"timestamp":1777367457828}
{"sessionId":"1e940a","runId":"pre-fix-ae1","hypothesisId":"H1","location":"plugins/custom-gui-test/src/lib.rs:smart_pre_render","message":"smart pre render reached","data":{"handlerImplemented":true},"timestamp":1777367457829}
{"sessionId":"1e940a","runId":"pre-fix-ae1","hypothesisId":"H1","location":"plugins/custom-gui-test/src/lib.rs:global_setup","message":"global setup flags set","data":{"supportsSmartRender":true,"supportsThreadedRendering":true},"timestamp":1777368038705}
{"sessionId":"1e940a","runId":"pre-fix-ae1","hypothesisId":"H2","location":"plugins/custom-gui-test/src/lib.rs:params_setup","message":"params_setup called","data":{"paramsDeclared":1},"timestamp":1777368038724}
{"sessionId":"1e940a","runId":"pre-fix-ae1","hypothesisId":"H4","location":"plugins/custom-gui-test/src/lib.rs:update_params_ui","message":"update params ui reached","data":{"uiElements":1},"timestamp":1777368038739}
{"sessionId":"1e940a","runId":"pre-fix-ae1","hypothesisId":"H4","location":"plugins/custom-gui-test/src/lib.rs:update_params_ui","message":"update params ui reached","data":{"uiElements":1},"timestamp":1777368038757}
{"sessionId":"1e940a","runId":"pre-fix-ae1","hypothesisId":"H1","location":"plugins/custom-gui-test/src/lib.rs:smart_pre_render","message":"smart pre render reached","data":{"handlerImplemented":true},"timestamp":1777368038769}
{"sessionId":"1e940a","runId":"pre-fix-ae1","hypothesisId":"H1","location":"plugins/custom-gui-test/src/lib.rs:smart_pre_render","message":"smart pre render reached","data":{"handlerImplemented":true},"timestamp":1777368038770}
{"sessionId":"1e940a","runId":"pre-fix-ae1","hypothesisId":"H1","location":"plugins/custom-gui-test/src/lib.rs:smart_pre_render","message":"smart pre render reached","data":{"handlerImplemented":true},"timestamp":1777368038772}
{"sessionId":"1e940a","runId":"pre-fix-ae1","hypothesisId":"H1","location":"plugins/custom-gui-test/src/lib.rs:smart_render","message":"smart render reached","data":{"handlerImplemented":true},"timestamp":1777368038774}
{"sessionId":"1e940a","runId":"pre-fix-ae1","hypothesisId":"H1","location":"plugins/custom-gui-test/src/lib.rs:smart_pre_render","message":"smart pre render reached","data":{"handlerImplemented":true},"timestamp":1777368038838}
{"sessionId":"1e940a","runId":"pre-fix-ae1","hypothesisId":"H1","location":"plugins/custom-gui-test/src/lib.rs:smart_pre_render","message":"smart pre render reached","data":{"handlerImplemented":true},"timestamp":1777368038842}
{"sessionId":"1e940a","runId":"pre-fix-ae1","hypothesisId":"H1","location":"plugins/custom-gui-test/src/lib.rs:smart_pre_render","message":"smart pre render reached","data":{"handlerImplemented":true},"timestamp":1777368038843}
{"sessionId":"1e940a","runId":"pre-fix-ae1","hypothesisId":"H1","location":"plugins/custom-gui-test/src/lib.rs:smart_pre_render","message":"smart pre render reached","data":{"handlerImplemented":true},"timestamp":1777368038845}
{"sessionId":"1e940a","runId":"pre-fix-ae1","hypothesisId":"H1","location":"plugins/custom-gui-test/src/lib.rs:smart_pre_render","message":"smart pre render reached","data":{"handlerImplemented":true},"timestamp":1777368038847}
{"sessionId":"1e940a","runId":"pre-fix-ae1","hypothesisId":"H1","location":"plugins/custom-gui-test/src/lib.rs:smart_pre_render","message":"smart pre render reached","data":{"handlerImplemented":true},"timestamp":1777368038849}
{"sessionId":"1e940a","runId":"pre-fix-ae1","hypothesisId":"H1","location":"plugins/custom-gui-test/src/lib.rs:smart_pre_render","message":"smart pre render reached","data":{"handlerImplemented":true},"timestamp":1777368038851}
{"sessionId":"1e940a","runId":"pre-fix-ae1","hypothesisId":"H1","location":"plugins/custom-gui-test/src/lib.rs:smart_pre_render","message":"smart pre render reached","data":{"handlerImplemented":true},"timestamp":1777368038852}
{"sessionId":"1e940a","runId":"pre-fix-ae1","hypothesisId":"H1","location":"plugins/custom-gui-test/src/lib.rs:smart_pre_render","message":"smart pre render reached","data":{"handlerImplemented":true},"timestamp":1777368038853}
{"sessionId":"1e940a","runId":"pre-fix-ae1","hypothesisId":"H1","location":"plugins/custom-gui-test/src/lib.rs:smart_pre_render","message":"smart pre render reached","data":{"handlerImplemented":true},"timestamp":1777368038855}
{"sessionId":"1e940a","runId":"pre-fix-ae1","hypothesisId":"H1","location":"plugins/custom-gui-test/src/lib.rs:smart_pre_render","message":"smart pre render reached","data":{"handlerImplemented":true},"timestamp":1777368038858}
{"sessionId":"1e940a","runId":"pre-fix-ae1","hypothesisId":"H1","location":"plugins/custom-gui-test/src/lib.rs:smart_pre_render","message":"smart pre render reached","data":{"handlerImplemented":true},"timestamp":1777368038859}
{"sessionId":"1e940a","runId":"pre-fix-ae1","hypothesisId":"H1","location":"plugins/custom-gui-test/src/lib.rs:smart_pre_render","message":"smart pre render reached","data":{"handlerImplemented":true},"timestamp":1777368038861}
{"sessionId":"1e940a","runId":"pre-fix-ae1","hypothesisId":"H1","location":"plugins/custom-gui-test/src/lib.rs:smart_pre_render","message":"smart pre render reached","data":{"handlerImplemented":true},"timestamp":1777368038863}
{"sessionId":"1e940a","runId":"pre-fix-ae1","hypothesisId":"H1","location":"plugins/custom-gui-test/src/lib.rs:smart_pre_render","message":"smart pre render reached","data":{"handlerImplemented":true},"timestamp":1777368038864}
{"sessionId":"1e940a","runId":"pre-fix-ae1","hypothesisId":"H1","location":"plugins/custom-gui-test/src/lib.rs:smart_pre_render","message":"smart pre render reached","data":{"handlerImplemented":true},"timestamp":1777368038867}
{"sessionId":"1e940a","runId":"pre-fix-ae1","hypothesisId":"H1","location":"plugins/custom-gui-test/src/lib.rs:smart_pre_render","message":"smart pre render reached","data":{"handlerImplemented":true},"timestamp":1777368038868}
{"sessionId":"1e940a","runId":"pre-fix-ae1","hypothesisId":"H1","location":"plugins/custom-gui-test/src/lib.rs:smart_pre_render","message":"smart pre render reached","data":{"handlerImplemented":true},"timestamp":1777368038870}
{"sessionId":"1e940a","runId":"pre-fix-ae1","hypothesisId":"H1","location":"plugins/custom-gui-test/src/lib.rs:smart_pre_render","message":"smart pre render reached","data":{"handlerImplemented":true},"timestamp":1777368038872}
{"sessionId":"1e940a","runId":"pre-fix-ae1","hypothesisId":"H1","location":"plugins/custom-gui-test/src/lib.rs:smart_pre_render","message":"smart pre render reached","data":{"handlerImplemented":true},"timestamp":1777368038873}
{"sessionId":"1e940a","runId":"pre-fix-ae1","hypothesisId":"H1","location":"plugins/custom-gui-test/src/lib.rs:smart_pre_render","message":"smart pre render reached","data":{"handlerImplemented":true},"timestamp":1777368038874}
{"sessionId":"1e940a","runId":"pre-fix-ae1","hypothesisId":"H1","location":"plugins/custom-gui-test/src/lib.rs:smart_pre_render","message":"smart pre render reached","data":{"handlerImplemented":true},"timestamp":1777368038876}
{"sessionId":"1e940a","runId":"pre-fix-ae1","hypothesisId":"H1","location":"plugins/custom-gui-test/src/lib.rs:smart_pre_render","message":"smart pre render reached","data":{"handlerImplemented":true},"timestamp":1777368038877}
{"sessionId":"1e940a","runId":"pre-fix-ae1","hypothesisId":"H1","location":"plugins/custom-gui-test/src/lib.rs:smart_pre_render","message":"smart pre render reached","data":{"handlerImplemented":true},"timestamp":1777368038878}
{"sessionId":"1e940a","runId":"pre-fix-ae1","hypothesisId":"H1","location":"plugins/custom-gui-test/src/lib.rs:smart_pre_render","message":"smart pre render reached","data":{"handlerImplemented":true},"timestamp":1777368038881}
{"sessionId":"1e940a","runId":"pre-fix-ae1","hypothesisId":"H1","location":"plugins/custom-gui-test/src/lib.rs:smart_pre_render","message":"smart pre render reached","data":{"handlerImplemented":true},"timestamp":1777368038883}
{"sessionId":"1e940a","runId":"pre-fix-ae1","hypothesisId":"H1","location":"plugins/custom-gui-test/src/lib.rs:smart_pre_render","message":"smart pre render reached","data":{"handlerImplemented":true},"timestamp":1777368038884}
{"sessionId":"1e940a","runId":"pre-fix-ae1","hypothesisId":"H1","location":"plugins/custom-gui-test/src/lib.rs:smart_pre_render","message":"smart pre render reached","data":{"handlerImplemented":true},"timestamp":1777368038885}
{"sessionId":"1e940a","runId":"pre-fix-ae1","hypothesisId":"H1","location":"plugins/custom-gui-test/src/lib.rs:smart_pre_render","message":"smart pre render reached","data":{"handlerImplemented":true},"timestamp":1777368038887}
{"sessionId":"1e940a","runId":"pre-fix-ae1","hypothesisId":"H1","location":"plugins/custom-gui-test/src/lib.rs:smart_pre_render","message":"smart pre render reached","data":{"handlerImplemented":true},"timestamp":1777368038888}
{"sessionId":"1e940a","runId":"pre-fix-ae1","hypothesisId":"H1","location":"plugins/custom-gui-test/src/lib.rs:smart_pre_render","message":"smart pre render reached","data":{"handlerImplemented":true},"timestamp":1777368038890}
{"sessionId":"1e940a","runId":"pre-fix-ae1","hypothesisId":"H1","location":"plugins/custom-gui-test/src/lib.rs:smart_pre_render","message":"smart pre render reached","data":{"handlerImplemented":true},"timestamp":1777368038891}
{"sessionId":"1e940a","runId":"pre-fix-ae1","hypothesisId":"H1","location":"plugins/custom-gui-test/src/lib.rs:smart_pre_render","message":"smart pre render reached","data":{"handlerImplemented":true},"timestamp":1777368038893}
{"sessionId":"1e940a","runId":"pre-fix-ae1","hypothesisId":"H1","location":"plugins/custom-gui-test/src/lib.rs:smart_pre_render","message":"smart pre render reached","data":{"handlerImplemented":true},"timestamp":1777368038895}
{"sessionId":"1e940a","runId":"pre-fix-ae1","hypothesisId":"H1","location":"plugins/custom-gui-test/src/lib.rs:smart_pre_render","message":"smart pre render reached","data":{"handlerImplemented":true},"timestamp":1777368038896}
{"sessionId":"1e940a","runId":"pre-fix-ae1","hypothesisId":"H1","location":"plugins/custom-gui-test/src/lib.rs:smart_pre_render","message":"smart pre render reached","data":{"handlerImplemented":true},"timestamp":1777368038898}
{"sessionId":"1e940a","runId":"pre-fix-ae1","hypothesisId":"H1","location":"plugins/custom-gui-test/src/lib.rs:smart_pre_render","message":"smart pre render reached","data":{"handlerImplemented":true},"timestamp":1777368038900}
{"sessionId":"1e940a","runId":"pre-fix-ae1","hypothesisId":"H1","location":"plugins/custom-gui-test/src/lib.rs:smart_pre_render","message":"smart pre render reached","data":{"handlerImplemented":true},"timestamp":1777368038901}
{"sessionId":"1e940a","runId":"pre-fix-ae1","hypothesisId":"H1","location":"plugins/custom-gui-test/src/lib.rs:smart_pre_render","message":"smart pre render reached","data":{"handlerImplemented":true},"timestamp":1777368038903}
{"sessionId":"1e940a","runId":"pre-fix-ae1","hypothesisId":"H1","location":"plugins/custom-gui-test/src/lib.rs:smart_pre_render","message":"smart pre render reached","data":{"handlerImplemented":true},"timestamp":1777368038904}
{"sessionId":"1e940a","runId":"pre-fix-ae1","hypothesisId":"H1","location":"plugins/custom-gui-test/src/lib.rs:smart_pre_render","message":"smart pre render reached","data":{"handlerImplemented":true},"timestamp":1777368038906}
{"sessionId":"1e940a","runId":"pre-fix-ae1","hypothesisId":"H1","location":"plugins/custom-gui-test/src/lib.rs:smart_pre_render","message":"smart pre render reached","data":{"handlerImplemented":true},"timestamp":1777368038907}
{"sessionId":"1e940a","runId":"pre-fix-ae1","hypothesisId":"H1","location":"plugins/custom-gui-test/src/lib.rs:smart_pre_render","message":"smart pre render reached","data":{"handlerImplemented":true},"timestamp":1777368038909}
{"sessionId":"1e940a","runId":"pre-fix-ae1","hypothesisId":"H1","location":"plugins/custom-gui-test/src/lib.rs:smart_pre_render","message":"smart pre render reached","data":{"handlerImplemented":true},"timestamp":1777368038910}
{"sessionId":"1e940a","runId":"pre-fix-ae1","hypothesisId":"H1","location":"plugins/custom-gui-test/src/lib.rs:smart_pre_render","message":"smart pre render reached","data":{"handlerImplemented":true},"timestamp":1777368038911}
{"sessionId":"1e940a","runId":"pre-fix-ae1","hypothesisId":"H1","location":"plugins/custom-gui-test/src/lib.rs:smart_pre_render","message":"smart pre render reached","data":{"handlerImplemented":true},"timestamp":1777368038912}
{"sessionId":"1e940a","runId":"pre-fix-ae1","hypothesisId":"H1","location":"plugins/custom-gui-test/src/lib.rs:smart_pre_render","message":"smart pre render reached","data":{"handlerImplemented":true},"timestamp":1777368038914}
{"sessionId":"1e940a","runId":"pre-fix-ae1","hypothesisId":"H1","location":"plugins/custom-gui-test/src/lib.rs:smart_pre_render","message":"smart pre render reached","data":{"handlerImplemented":true},"timestamp":1777368038916}
{"sessionId":"1e940a","runId":"pre-fix-ae1","hypothesisId":"H1","location":"plugins/custom-gui-test/src/lib.rs:smart_pre_render","message":"smart pre render reached","data":{"handlerImplemented":true},"timestamp":1777368038917}
{"sessionId":"1e940a","runId":"pre-fix-ae1","hypothesisId":"H1","location":"plugins/custom-gui-test/src/lib.rs:smart_pre_render","message":"smart pre render reached","data":{"handlerImplemented":true},"timestamp":1777368038918}
{"sessionId":"1e940a","runId":"pre-fix-ae1","hypothesisId":"H1","location":"plugins/custom-gui-test/src/lib.rs:smart_pre_render","message":"smart pre render reached","data":{"handlerImplemented":true},"timestamp":1777368038920}
{"sessionId":"1e940a","runId":"pre-fix-ae1","hypothesisId":"H1","location":"plugins/custom-gui-test/src/lib.rs:smart_pre_render","message":"smart pre render reached","data":{"handlerImplemented":true},"timestamp":1777368038921}
{"sessionId":"1e940a","runId":"pre-fix-ae1","hypothesisId":"H1","location":"plugins/custom-gui-test/src/lib.rs:smart_pre_render","message":"smart pre render reached","data":{"handlerImplemented":true},"timestamp":1777368038922}
{"sessionId":"1e940a","runId":"pre-fix-ae1","hypothesisId":"H1","location":"plugins/custom-gui-test/src/lib.rs:smart_pre_render","message":"smart pre render reached","data":{"handlerImplemented":true},"timestamp":1777368038923}
{"sessionId":"1e940a","runId":"pre-fix-ae1","hypothesisId":"H1","location":"plugins/custom-gui-test/src/lib.rs:smart_pre_render","message":"smart pre render reached","data":{"handlerImplemented":true},"timestamp":1777368038924}
{"sessionId":"1e940a","runId":"pre-fix-ae1","hypothesisId":"H1","location":"plugins/custom-gui-test/src/lib.rs:smart_pre_render","message":"smart pre render reached","data":{"handlerImplemented":true},"timestamp":1777368038925}
{"sessionId":"1e940a","runId":"pre-fix-ae1","hypothesisId":"H1","location":"plugins/custom-gui-test/src/lib.rs:smart_pre_render","message":"smart pre render reached","data":{"handlerImplemented":true},"timestamp":1777368038927}
{"sessionId":"1e940a","runId":"pre-fix-ae1","hypothesisId":"H1","location":"plugins/custom-gui-test/src/lib.rs:smart_pre_render","message":"smart pre render reached","data":{"handlerImplemented":true},"timestamp":1777368038928}
{"sessionId":"1e940a","runId":"pre-fix-ae1","hypothesisId":"H1","location":"plugins/custom-gui-test/src/lib.rs:smart_pre_render","message":"smart pre render reached","data":{"handlerImplemented":true},"timestamp":1777368038929}
{"sessionId":"1e940a","runId":"pre-fix-ae1","hypothesisId":"H4","location":"plugins/custom-gui-test/src/lib.rs:update_params_ui","message":"update params ui reached","data":{"uiElements":1},"timestamp":1777368118777}
{"sessionId":"1e940a","runId":"pre-fix-ae1","hypothesisId":"H4","location":"plugins/custom-gui-test/src/lib.rs:update_params_ui","message":"update params ui reached","data":{"uiElements":1},"timestamp":1777368118865}
{"sessionId":"1e940a","runId":"pre-fix-ae1","hypothesisId":"H1","location":"plugins/custom-gui-test/src/lib.rs:global_setup","message":"global setup flags set","data":{"supportsSmartRender":true,"supportsThreadedRendering":true},"timestamp":1777368199629}
{"sessionId":"1e940a","runId":"pre-fix-ae1","hypothesisId":"H2","location":"plugins/custom-gui-test/src/lib.rs:params_setup","message":"params_setup called","data":{"paramsDeclared":1},"timestamp":1777368199633}
{"sessionId":"1e940a","runId":"pre-fix-ae1","hypothesisId":"H4","location":"plugins/custom-gui-test/src/lib.rs:update_params_ui","message":"update params ui reached","data":{"uiElements":1},"timestamp":1777368199645}
{"sessionId":"1e940a","runId":"pre-fix-ae1","hypothesisId":"H4","location":"plugins/custom-gui-test/src/lib.rs:update_params_ui","message":"update params ui reached","data":{"uiElements":1},"timestamp":1777368199663}
{"sessionId":"1e940a","runId":"pre-fix-ae1","hypothesisId":"H1","location":"plugins/custom-gui-test/src/lib.rs:smart_pre_render","message":"smart pre render reached","data":{"handlerImplemented":true},"timestamp":1777368199673}
{"sessionId":"1e940a","runId":"pre-fix-ae1","hypothesisId":"H1","location":"plugins/custom-gui-test/src/lib.rs:smart_pre_render","message":"smart pre render reached","data":{"handlerImplemented":true},"timestamp":1777368199675}
{"sessionId":"1e940a","runId":"pre-fix-ae1","hypothesisId":"H1","location":"plugins/custom-gui-test/src/lib.rs:smart_pre_render","message":"smart pre render reached","data":{"handlerImplemented":true},"timestamp":1777368199676}
{"sessionId":"1e940a","runId":"pre-fix-ae1","hypothesisId":"H1","location":"plugins/custom-gui-test/src/lib.rs:smart_render","message":"smart render reached","data":{"handlerImplemented":true},"timestamp":1777368199677}
{"sessionId":"1e940a","runId":"pre-fix-ae1","hypothesisId":"H1","location":"plugins/custom-gui-test/src/lib.rs:smart_pre_render","message":"smart pre render reached","data":{"handlerImplemented":true},"timestamp":1777368199744}
{"sessionId":"1e940a","runId":"pre-fix-ae1","hypothesisId":"H1","location":"plugins/custom-gui-test/src/lib.rs:smart_pre_render","message":"smart pre render reached","data":{"handlerImplemented":true},"timestamp":1777368199747}
{"sessionId":"1e940a","runId":"pre-fix-ae1","hypothesisId":"H1","location":"plugins/custom-gui-test/src/lib.rs:smart_pre_render","message":"smart pre render reached","data":{"handlerImplemented":true},"timestamp":1777368199749}
{"sessionId":"1e940a","runId":"pre-fix-ae1","hypothesisId":"H1","location":"plugins/custom-gui-test/src/lib.rs:smart_pre_render","message":"smart pre render reached","data":{"handlerImplemented":true},"timestamp":1777368199751}
{"sessionId":"1e940a","runId":"pre-fix-ae1","hypothesisId":"H1","location":"plugins/custom-gui-test/src/lib.rs:smart_pre_render","message":"smart pre render reached","data":{"handlerImplemented":true},"timestamp":1777368199752}
{"sessionId":"1e940a","runId":"pre-fix-ae1","hypothesisId":"H1","location":"plugins/custom-gui-test/src/lib.rs:smart_pre_render","message":"smart pre render reached","data":{"handlerImplemented":true},"timestamp":1777368199753}
{"sessionId":"1e940a","runId":"pre-fix-ae1","hypothesisId":"H1","location":"plugins/custom-gui-test/src/lib.rs:smart_pre_render","message":"smart pre render reached","data":{"handlerImplemented":true},"timestamp":1777368199755}
{"sessionId":"1e940a","runId":"pre-fix-ae1","hypothesisId":"H1","location":"plugins/custom-gui-test/src/lib.rs:smart_pre_render","message":"smart pre render reached","data":{"handlerImplemented":true},"timestamp":1777368199756}
{"sessionId":"1e940a","runId":"pre-fix-ae1","hypothesisId":"H1","location":"plugins/custom-gui-test/src/lib.rs:smart_pre_render","message":"smart pre render reached","data":{"handlerImplemented":true},"timestamp":1777368199757}
{"sessionId":"1e940a","runId":"pre-fix-ae1","hypothesisId":"H1","location":"plugins/custom-gui-test/src/lib.rs:smart_pre_render","message":"smart pre render reached","data":{"handlerImplemented":true},"timestamp":1777368199759}
{"sessionId":"1e940a","runId":"pre-fix-ae1","hypothesisId":"H1","location":"plugins/custom-gui-test/src/lib.rs:smart_pre_render","message":"smart pre render reached","data":{"handlerImplemented":true},"timestamp":1777368199760}
{"sessionId":"1e940a","runId":"pre-fix-ae1","hypothesisId":"H1","location":"plugins/custom-gui-test/src/lib.rs:smart_pre_render","message":"smart pre render reached","data":{"handlerImplemented":true},"timestamp":1777368199761}
{"sessionId":"1e940a","runId":"pre-fix-ae1","hypothesisId":"H1","location":"plugins/custom-gui-test/src/lib.rs:smart_pre_render","message":"smart pre render reached","data":{"handlerImplemented":true},"timestamp":1777368199762}
{"sessionId":"1e940a","runId":"pre-fix-ae1","hypothesisId":"H1","location":"plugins/custom-gui-test/src/lib.rs:smart_pre_render","message":"smart pre render reached","data":{"handlerImplemented":true},"timestamp":1777368199764}
{"sessionId":"1e940a","runId":"pre-fix-ae1","hypothesisId":"H1","location":"plugins/custom-gui-test/src/lib.rs:smart_pre_render","message":"smart pre render reached","data":{"handlerImplemented":true},"timestamp":1777368199766}
{"sessionId":"1e940a","runId":"pre-fix-ae1","hypothesisId":"H1","location":"plugins/custom-gui-test/src/lib.rs:smart_pre_render","message":"smart pre render reached","data":{"handlerImplemented":true},"timestamp":1777368199768}
{"sessionId":"1e940a","runId":"pre-fix-ae1","hypothesisId":"H1","location":"plugins/custom-gui-test/src/lib.rs:smart_pre_render","message":"smart pre render reached","data":{"handlerImplemented":true},"timestamp":1777368199769}
{"sessionId":"1e940a","runId":"pre-fix-ae1","hypothesisId":"H1","location":"plugins/custom-gui-test/src/lib.rs:smart_pre_render","message":"smart pre render reached","data":{"handlerImplemented":true},"timestamp":1777368199770}
{"sessionId":"1e940a","runId":"pre-fix-ae1","hypothesisId":"H1","location":"plugins/custom-gui-test/src/lib.rs:smart_pre_render","message":"smart pre render reached","data":{"handlerImplemented":true},"timestamp":1777368199772}
{"sessionId":"1e940a","runId":"pre-fix-ae1","hypothesisId":"H1","location":"plugins/custom-gui-test/src/lib.rs:smart_pre_render","message":"smart pre render reached","data":{"handlerImplemented":true},"timestamp":1777368199774}
{"sessionId":"1e940a","runId":"pre-fix-ae1","hypothesisId":"H1","location":"plugins/custom-gui-test/src/lib.rs:smart_pre_render","message":"smart pre render reached","data":{"handlerImplemented":true},"timestamp":1777368199775}
{"sessionId":"1e940a","runId":"pre-fix-ae1","hypothesisId":"H1","location":"plugins/custom-gui-test/src/lib.rs:smart_pre_render","message":"smart pre render reached","data":{"handlerImplemented":true},"timestamp":1777368199776}
{"sessionId":"1e940a","runId":"pre-fix-ae1","hypothesisId":"H1","location":"plugins/custom-gui-test/src/lib.rs:smart_pre_render","message":"smart pre render reached","data":{"handlerImplemented":true},"timestamp":1777368199778}
{"sessionId":"1e940a","runId":"pre-fix-ae1","hypothesisId":"H1","location":"plugins/custom-gui-test/src/lib.rs:smart_pre_render","message":"smart pre render reached","data":{"handlerImplemented":true},"timestamp":1777368199779}
{"sessionId":"1e940a","runId":"pre-fix-ae1","hypothesisId":"H1","location":"plugins/custom-gui-test/src/lib.rs:smart_pre_render","message":"smart pre render reached","data":{"handlerImplemented":true},"timestamp":1777368199782}
{"sessionId":"1e940a","runId":"pre-fix-ae1","hypothesisId":"H1","location":"plugins/custom-gui-test/src/lib.rs:smart_pre_render","message":"smart pre render reached","data":{"handlerImplemented":true},"timestamp":1777368199783}
{"sessionId":"1e940a","runId":"pre-fix-ae1","hypothesisId":"H1","location":"plugins/custom-gui-test/src/lib.rs:smart_pre_render","message":"smart pre render reached","data":{"handlerImplemented":true},"timestamp":1777368199785}
{"sessionId":"1e940a","runId":"pre-fix-ae1","hypothesisId":"H1","location":"plugins/custom-gui-test/src/lib.rs:smart_pre_render","message":"smart pre render reached","data":{"handlerImplemented":true},"timestamp":1777368199786}
{"sessionId":"1e940a","runId":"pre-fix-ae1","hypothesisId":"H1","location":"plugins/custom-gui-test/src/lib.rs:smart_pre_render","message":"smart pre render reached","data":{"handlerImplemented":true},"timestamp":1777368199787}
{"sessionId":"1e940a","runId":"pre-fix-ae1","hypothesisId":"H1","location":"plugins/custom-gui-test/src/lib.rs:smart_pre_render","message":"smart pre render reached","data":{"handlerImplemented":true},"timestamp":1777368199788}
{"sessionId":"1e940a","runId":"pre-fix-ae1","hypothesisId":"H1","location":"plugins/custom-gui-test/src/lib.rs:smart_pre_render","message":"smart pre render reached","data":{"handlerImplemented":true},"timestamp":1777368199789}
{"sessionId":"1e940a","runId":"pre-fix-ae1","hypothesisId":"H1","location":"plugins/custom-gui-test/src/lib.rs:smart_pre_render","message":"smart pre render reached","data":{"handlerImplemented":true},"timestamp":1777368199791}
{"sessionId":"1e940a","runId":"pre-fix-ae1","hypothesisId":"H1","location":"plugins/custom-gui-test/src/lib.rs:smart_pre_render","message":"smart pre render reached","data":{"handlerImplemented":true},"timestamp":1777368199792}
{"sessionId":"1e940a","runId":"pre-fix-ae1","hypothesisId":"H1","location":"plugins/custom-gui-test/src/lib.rs:smart_pre_render","message":"smart pre render reached","data":{"handlerImplemented":true},"timestamp":1777368199794}
{"sessionId":"1e940a","runId":"pre-fix-ae1","hypothesisId":"H1","location":"plugins/custom-gui-test/src/lib.rs:smart_pre_render","message":"smart pre render reached","data":{"handlerImplemented":true},"timestamp":1777368199795}
{"sessionId":"1e940a","runId":"pre-fix-ae1","hypothesisId":"H1","location":"plugins/custom-gui-test/src/lib.rs:smart_pre_render","message":"smart pre render reached","data":{"handlerImplemented":true},"timestamp":1777368199796}
{"sessionId":"1e940a","runId":"pre-fix-ae1","hypothesisId":"H1","location":"plugins/custom-gui-test/src/lib.rs:smart_pre_render","message":"smart pre render reached","data":{"handlerImplemented":true},"timestamp":1777368199798}
{"sessionId":"1e940a","runId":"pre-fix-ae1","hypothesisId":"H1","location":"plugins/custom-gui-test/src/lib.rs:smart_pre_render","message":"smart pre render reached","data":{"handlerImplemented":true},"timestamp":1777368199799}
{"sessionId":"1e940a","runId":"pre-fix-ae1","hypothesisId":"H1","location":"plugins/custom-gui-test/src/lib.rs:smart_pre_render","message":"smart pre render reached","data":{"handlerImplemented":true},"timestamp":1777368199801}
{"sessionId":"1e940a","runId":"pre-fix-ae1","hypothesisId":"H1","location":"plugins/custom-gui-test/src/lib.rs:smart_pre_render","message":"smart pre render reached","data":{"handlerImplemented":true},"timestamp":1777368199802}
{"sessionId":"1e940a","runId":"pre-fix-ae1","hypothesisId":"H1","location":"plugins/custom-gui-test/src/lib.rs:smart_pre_render","message":"smart pre render reached","data":{"handlerImplemented":true},"timestamp":1777368199803}
{"sessionId":"1e940a","runId":"pre-fix-ae1","hypothesisId":"H1","location":"plugins/custom-gui-test/src/lib.rs:smart_pre_render","message":"smart pre render reached","data":{"handlerImplemented":true},"timestamp":1777368199804}
{"sessionId":"1e940a","runId":"pre-fix-ae1","hypothesisId":"H1","location":"plugins/custom-gui-test/src/lib.rs:smart_pre_render","message":"smart pre render reached","data":{"handlerImplemented":true},"timestamp":1777368199805}
{"sessionId":"1e940a","runId":"pre-fix-ae1","hypothesisId":"H1","location":"plugins/custom-gui-test/src/lib.rs:smart_pre_render","message":"smart pre render reached","data":{"handlerImplemented":true},"timestamp":1777368199807}
{"sessionId":"1e940a","runId":"pre-fix-ae1","hypothesisId":"H1","location":"plugins/custom-gui-test/src/lib.rs:smart_pre_render","message":"smart pre render reached","data":{"handlerImplemented":true},"timestamp":1777368199808}
{"sessionId":"1e940a","runId":"pre-fix-ae1","hypothesisId":"H1","location":"plugins/custom-gui-test/src/lib.rs:smart_pre_render","message":"smart pre render reached","data":{"handlerImplemented":true},"timestamp":1777368199809}
{"sessionId":"1e940a","runId":"pre-fix-ae1","hypothesisId":"H1","location":"plugins/custom-gui-test/src/lib.rs:smart_pre_render","message":"smart pre render reached","data":{"handlerImplemented":true},"timestamp":1777368199811}
{"sessionId":"1e940a","runId":"pre-fix-ae1","hypothesisId":"H1","location":"plugins/custom-gui-test/src/lib.rs:smart_pre_render","message":"smart pre render reached","data":{"handlerImplemented":true},"timestamp":1777368199812}
{"sessionId":"1e940a","runId":"pre-fix-ae1","hypothesisId":"H1","location":"plugins/custom-gui-test/src/lib.rs:smart_pre_render","message":"smart pre render reached","data":{"handlerImplemented":true},"timestamp":1777368199814}
{"sessionId":"1e940a","runId":"pre-fix-ae1","hypothesisId":"H1","location":"plugins/custom-gui-test/src/lib.rs:smart_pre_render","message":"smart pre render reached","data":{"handlerImplemented":true},"timestamp":1777368199816}
{"sessionId":"1e940a","runId":"pre-fix-ae1","hypothesisId":"H1","location":"plugins/custom-gui-test/src/lib.rs:smart_pre_render","message":"smart pre render reached","data":{"handlerImplemented":true},"timestamp":1777368199817}
{"sessionId":"1e940a","runId":"pre-fix-ae1","hypothesisId":"H1","location":"plugins/custom-gui-test/src/lib.rs:smart_pre_render","message":"smart pre render reached","data":{"handlerImplemented":true},"timestamp":1777368199819}
{"sessionId":"1e940a","runId":"pre-fix-ae1","hypothesisId":"H1","location":"plugins/custom-gui-test/src/lib.rs:smart_pre_render","message":"smart pre render reached","data":{"handlerImplemented":true},"timestamp":1777368199820}
{"sessionId":"1e940a","runId":"pre-fix-ae1","hypothesisId":"H1","location":"plugins/custom-gui-test/src/lib.rs:smart_pre_render","message":"smart pre render reached","data":{"handlerImplemented":true},"timestamp":1777368199821}
{"sessionId":"1e940a","runId":"pre-fix-ae1","hypothesisId":"H1","location":"plugins/custom-gui-test/src/lib.rs:smart_pre_render","message":"smart pre render reached","data":{"handlerImplemented":true},"timestamp":1777368199822}
{"sessionId":"1e940a","runId":"pre-fix-ae1","hypothesisId":"H1","location":"plugins/custom-gui-test/src/lib.rs:smart_pre_render","message":"smart pre render reached","data":{"handlerImplemented":true},"timestamp":1777368199823}
{"sessionId":"1e940a","runId":"pre-fix-ae1","hypothesisId":"H1","location":"plugins/custom-gui-test/src/lib.rs:smart_pre_render","message":"smart pre render reached","data":{"handlerImplemented":true},"timestamp":1777368199824}
{"sessionId":"1e940a","runId":"pre-fix-ae1","hypothesisId":"H1","location":"plugins/custom-gui-test/src/lib.rs:smart_pre_render","message":"smart pre render reached","data":{"handlerImplemented":true},"timestamp":1777368199826}
{"sessionId":"1e940a","runId":"pre-fix-ae1","hypothesisId":"H1","location":"plugins/custom-gui-test/src/lib.rs:smart_pre_render","message":"smart pre render reached","data":{"handlerImplemented":true},"timestamp":1777368199827}
{"sessionId":"1e940a","runId":"pre-fix-ae1","hypothesisId":"H4","location":"plugins/custom-gui-test/src/lib.rs:update_params_ui","message":"update params ui reached","data":{"uiElements":1},"timestamp":1777368201179}
{"sessionId":"1e940a","runId":"pre-fix-ae1","hypothesisId":"H4","location":"plugins/custom-gui-test/src/lib.rs:update_params_ui","message":"update params ui reached","data":{"uiElements":1},"timestamp":1777368252456}
